"","SpawnBio_om","Recruit_0_om","F_om","SpawnBio_em","Recruit_0_em","F_em","scenario","replicate","D","E","F","species","year"
"1",7707.06,1674.17,0,7800.98,1692.31,0,"D100-E0-F0-sna",1,"D100","E0","F0","sna",1978
"2",7796.9,1675.48,0.45,7890.7,1693.61,0.450505,"D100-E0-F0-sna",1,"D100","E0","F0","sna",1979
"3",5629.65,1608.06,0.52,5726.09,953.815,0.518245,"D100-E0-F0-sna",1,"D100","E0","F0","sna",1980
"4",4098.28,1574.27,0.63,4198.39,2570.8,0.623454,"D100-E0-F0-sna",1,"D100","E0","F0","sna",1981
"5",3020.35,1532.47,0.54,3123.57,751.34,0.530333,"D100-E0-F0-sna",1,"D100","E0","F0","sna",1982
"6",2580.95,1475.74,0.62,2684.43,1687.67,0.605266,"D100-E0-F0-sna",1,"D100","E0","F0","sna",1983
"7",2257.65,1446.13,0.48,2349.97,1643.88,0.468255,"D100-E0-F0-sna",1,"D100","E0","F0","sna",1984
"8",2218.15,1438.72,0.5,2283.19,1127.76,0.492664,"D100-E0-F0-sna",1,"D100","E0","F0","sna",1985
"9",2178.85,1414.6,0.45,2225.92,1521.41,0.450736,"D100-E0-F0-sna",1,"D100","E0","F0","sna",1986
"10",2192.88,1423.78,0.46,2234.82,1604.01,0.464246,"D100-E0-F0-sna",1,"D100","E0","F0","sna",1987
"11",2178.69,1426.97,0.47,2210.45,1161.95,0.475311,"D100-E0-F0-sna",1,"D100","E0","F0","sna",1988
"12",2140.68,1415.89,0.47,2167.38,1488.74,0.47755,"D100-E0-F0-sna",1,"D100","E0","F0","sna",1989
"13",2098.13,1419.44,0.69,2121.51,1696.23,0.702126,"D100-E0-F0-sna",1,"D100","E0","F0","sna",1990
"14",1860.48,1368.98,0.57,1878.6,1031.24,0.58082,"D100-E0-F0-sna",1,"D100","E0","F0","sna",1991
"15",1799.9,1369.5,0.58,1819.05,1622.58,0.592568,"D100-E0-F0-sna",1,"D100","E0","F0","sna",1992
"16",1756.26,1349.09,0.62,1776.74,1200.71,0.632244,"D100-E0-F0-sna",1,"D100","E0","F0","sna",1993
"17",1702.13,1344.61,0.86,1721.41,1353.68,0.876148,"D100-E0-F0-sna",1,"D100","E0","F0","sna",1994
"18",1514.71,1313.64,0.91,1540.6,1503.79,0.92551,"D100-E0-F0-sna",1,"D100","E0","F0","sna",1995
"19",1379.69,1277.2,0.89,1414.32,1139.39,0.894768,"D100-E0-F0-sna",1,"D100","E0","F0","sna",1996
"20",1311.57,1235.21,0.93,1348.77,949.027,0.927714,"D100-E0-F0-sna",1,"D100","E0","F0","sna",1997
"21",1253.86,1231.44,0.77,1290.09,1745.93,0.768776,"D100-E0-F0-sna",1,"D100","E0","F0","sna",1998
"22",1286.35,1258.29,0.71,1321.75,916.749,0.710657,"D100-E0-F0-sna",1,"D100","E0","F0","sna",1999
"23",1332.32,1244.19,0.73,1371.89,1842.1,0.73075,"D100-E0-F0-sna",1,"D100","E0","F0","sna",2000
"24",1344.06,1279.7,0.58,1385.32,623.784,0.578535,"D100-E0-F0-sna",1,"D100","E0","F0","sna",2001
"25",1415.45,1299.31,0.71,1446.55,1456.53,0.7104,"D100-E0-F0-sna",1,"D100","E0","F0","sna",2002
"26",1382.9,1276.8,0.74,1409.46,1941.55,0.748046,"D100-E0-F0-sna",1,"D100","E0","F0","sna",2003
"27",1337.3,1263.86,0.64,1377.42,365.856,0.644266,"D100-E0-F0-sna",1,"D100","E0","F0","sna",2004
"28",1358.81,1266.7,0.57,1422.6,1510.28,0.562619,"D100-E0-F0-sna",1,"D100","E0","F0","sna",2005
"29",1416.74,1293.21,0.59,1491.62,1248.01,0.571776,"D100-E0-F0-sna",1,"D100","E0","F0","sna",2006
"30",1451.75,1301.67,0.55,1523.22,1297.18,0.53237,"D100-E0-F0-sna",1,"D100","E0","F0","sna",2007
"31",1501.84,1299.56,0.61,1582.62,1237.26,0.592764,"D100-E0-F0-sna",1,"D100","E0","F0","sna",2008
"32",1498.65,1308.65,0.6,1580.78,1004.67,0.578431,"D100-E0-F0-sna",1,"D100","E0","F0","sna",2009
"33",1498.35,1296.06,0.62,1554.5,375.462,0.601871,"D100-E0-F0-sna",1,"D100","E0","F0","sna",2010
"34",1485.48,1302.92,0.66,1511.23,47.3932,0.660113,"D100-E0-F0-sna",1,"D100","E0","F0","sna",2011
"35",1456.23,1307.36,0.63,1460.47,46.9788,0.646954,"D100-E0-F0-sna",1,"D100","E0","F0","sna",2012
"36",1458.43,1296.78,0.61,1438.61,1301.77,0.638203,"D100-E0-F0-sna",1,"D100","E0","F0","sna",2013
"37",7707.06,1674.17,0,7751.3,1682.69,0,"D100-E0-F0-sna",2,"D100","E0","F0","sna",1978
"38",7796.9,1675.48,0.45,7841.11,1684,0.449329,"D100-E0-F0-sna",2,"D100","E0","F0","sna",1979
"39",5629.65,1616.12,0.52,5674.37,1742.5,0.51827,"D100-E0-F0-sna",2,"D100","E0","F0","sna",1980
"40",4098.28,1543.4,0.63,4144.52,850.681,0.626019,"D100-E0-F0-sna",2,"D100","E0","F0","sna",1981
"41",3020.35,1532.17,0.54,3068.47,2194.14,0.534671,"D100-E0-F0-sna",2,"D100","E0","F0","sna",1982
"42",2580.97,1462.41,0.62,2631.58,1014.02,0.611725,"D100-E0-F0-sna",2,"D100","E0","F0","sna",1983
"43",2257.74,1459.44,0.48,2310.64,1803.64,0.472256,"D100-E0-F0-sna",2,"D100","E0","F0","sna",1984
"44",2218.06,1451.81,0.5,2267.29,1407.2,0.491486,"D100-E0-F0-sna",2,"D100","E0","F0","sna",1985
"45",2177.24,1440.29,0.45,2202.96,1418.63,0.445052,"D100-E0-F0-sna",2,"D100","E0","F0","sna",1986
"46",2188.36,1418.76,0.46,2187.77,1668.83,0.462759,"D100-E0-F0-sna",2,"D100","E0","F0","sna",1987
"47",2171.73,1418.55,0.47,2159.89,1003.54,0.479392,"D100-E0-F0-sna",2,"D100","E0","F0","sna",1988
"48",2133.75,1420.74,0.47,2125.33,1614.06,0.480421,"D100-E0-F0-sna",2,"D100","E0","F0","sna",1989
"49",2094.52,1422.49,0.69,2101.83,1544.76,0.700478,"D100-E0-F0-sna",2,"D100","E0","F0","sna",1990
"50",1862.85,1366.63,0.57,1889.68,1387.67,0.570654,"D100-E0-F0-sna",2,"D100","E0","F0","sna",1991
"51",1806.49,1392.56,0.58,1849.63,1205.84,0.572659,"D100-E0-F0-sna",2,"D100","E0","F0","sna",1992
"52",1763.57,1346.52,0.62,1810.03,1406.95,0.606376,"D100-E0-F0-sna",2,"D100","E0","F0","sna",1993
"53",1707.53,1368.01,0.86,1747.69,1486.74,0.842028,"D100-E0-F0-sna",2,"D100","E0","F0","sna",1994
"54",1517.63,1296.52,0.91,1560.34,1188.02,0.893284,"D100-E0-F0-sna",2,"D100","E0","F0","sna",1995
"55",1381.89,1285.64,0.89,1437.65,1867.05,0.861119,"D100-E0-F0-sna",2,"D100","E0","F0","sna",1996
"56",1314.76,1257.36,0.93,1375.56,595.458,0.885456,"D100-E0-F0-sna",2,"D100","E0","F0","sna",1997
"57",1258.89,1226.41,0.77,1314.26,1462.74,0.735179,"D100-E0-F0-sna",2,"D100","E0","F0","sna",1998
"58",1293.01,1251.13,0.71,1349.6,892.818,0.682896,"D100-E0-F0-sna",2,"D100","E0","F0","sna",1999
"59",1339.26,1272.02,0.73,1410.76,1370.38,0.697297,"D100-E0-F0-sna",2,"D100","E0","F0","sna",2000
"60",1350.01,1244.91,0.58,1449.19,1322,0.543504,"D100-E0-F0-sna",2,"D100","E0","F0","sna",2001
"61",1421.45,1276.83,0.71,1536.09,1126.46,0.649775,"D100-E0-F0-sna",2,"D100","E0","F0","sna",2002
"62",1389.13,1289.7,0.74,1487.88,1442.88,0.674692,"D100-E0-F0-sna",2,"D100","E0","F0","sna",2003
"63",1342.95,1296.7,0.64,1405.29,1082.72,0.600171,"D100-E0-F0-sna",2,"D100","E0","F0","sna",2004
"64",1363.43,1251.09,0.57,1390.39,1486.59,0.5561,"D100-E0-F0-sna",2,"D100","E0","F0","sna",2005
"65",1419.18,1282.31,0.59,1426.64,838.343,0.592787,"D100-E0-F0-sna",2,"D100","E0","F0","sna",2006
"66",1449.95,1281.33,0.55,1449.56,1655.79,0.558626,"D100-E0-F0-sna",2,"D100","E0","F0","sna",2007
"67",1496.95,1313.44,0.61,1493.21,897.925,0.621319,"D100-E0-F0-sna",2,"D100","E0","F0","sna",2008
"68",1495.09,1286.29,0.6,1487.34,1462.93,0.612631,"D100-E0-F0-sna",2,"D100","E0","F0","sna",2009
"69",1498.16,1311.74,0.62,1484,60.1042,0.635961,"D100-E0-F0-sna",2,"D100","E0","F0","sna",2010
"70",1486.07,1312.88,0.66,1458.66,82.4347,0.683097,"D100-E0-F0-sna",2,"D100","E0","F0","sna",2011
"71",1454.27,1291.97,0.63,1409.84,58.0083,0.66292,"D100-E0-F0-sna",2,"D100","E0","F0","sna",2012
"72",1453.66,1295.59,0.61,1386.97,1283.05,0.654227,"D100-E0-F0-sna",2,"D100","E0","F0","sna",2013
"73",7707.06,1674.17,0,7683.1,1669.78,0,"D100-E0-F0-sna",3,"D100","E0","F0","sna",1978
"74",7796.9,1675.48,0.45,7772.98,1671.1,0.448352,"D100-E0-F0-sna",3,"D100","E0","F0","sna",1979
"75",5629.65,1658.19,0.52,5604.81,1669.09,0.518233,"D100-E0-F0-sna",3,"D100","E0","F0","sna",1980
"76",4098.28,1570.56,0.63,4071.26,1957.2,0.628388,"D100-E0-F0-sna",3,"D100","E0","F0","sna",1981
"77",3020.37,1490.61,0.54,2990.82,1150.65,0.539352,"D100-E0-F0-sna",3,"D100","E0","F0","sna",1982
"78",2581.17,1501.25,0.62,2549.27,1706.18,0.620239,"D100-E0-F0-sna",3,"D100","E0","F0","sna",1983
"79",2259.09,1421.5,0.48,2226.93,1362.35,0.480677,"D100-E0-F0-sna",3,"D100","E0","F0","sna",1984
"80",2223.01,1457.61,0.5,2198.45,1424.64,0.499827,"D100-E0-F0-sna",3,"D100","E0","F0","sna",1985
"81",2187.42,1417.61,0.45,2185.26,1385.02,0.445902,"D100-E0-F0-sna",3,"D100","E0","F0","sna",1986
"82",2201.37,1437.55,0.46,2222.67,1466.84,0.448804,"D100-E0-F0-sna",3,"D100","E0","F0","sna",1987
"83",2183.6,1425.2,0.47,2217.4,896.362,0.45334,"D100-E0-F0-sna",3,"D100","E0","F0","sna",1988
"84",2141.83,1431.22,0.47,2180.21,2127.26,0.45138,"D100-E0-F0-sna",3,"D100","E0","F0","sna",1989
"85",2097.54,1418.96,0.69,2133.22,1186.45,0.661209,"D100-E0-F0-sna",3,"D100","E0","F0","sna",1990
"86",1860.72,1396.13,0.57,1885.5,1829.21,0.547635,"D100-E0-F0-sna",3,"D100","E0","F0","sna",1991
"87",1802.52,1382.01,0.58,1808.22,837.159,0.562751,"D100-E0-F0-sna",3,"D100","E0","F0","sna",1992
"88",1761.17,1363.03,0.62,1737.84,1709.48,0.612894,"D100-E0-F0-sna",3,"D100","E0","F0","sna",1993
"89",1708.55,1344.58,0.86,1671.74,1136.25,0.870963,"D100-E0-F0-sna",3,"D100","E0","F0","sna",1994
"90",1521.77,1296.87,0.91,1505.15,1370.78,0.91699,"D100-E0-F0-sna",3,"D100","E0","F0","sna",1995
"91",1387.89,1278.9,0.89,1407.44,1238.92,0.862571,"D100-E0-F0-sna",3,"D100","E0","F0","sna",1996
"92",1321.74,1246.76,0.93,1358.5,1089.2,0.873033,"D100-E0-F0-sna",3,"D100","E0","F0","sna",1997
"93",1265.18,1258.06,0.77,1296.46,1616.73,0.72317,"D100-E0-F0-sna",3,"D100","E0","F0","sna",1998
"94",1297.11,1256.91,0.71,1318.66,909.254,0.676374,"D100-E0-F0-sna",3,"D100","E0","F0","sna",1999
"95",1340.02,1271.75,0.73,1352.76,1482.96,0.702573,"D100-E0-F0-sna",3,"D100","E0","F0","sna",2000
"96",1347.75,1256.37,0.58,1351.11,1059.96,0.563537,"D100-E0-F0-sna",3,"D100","E0","F0","sna",2001
"97",1417.86,1297.58,0.71,1411.6,1182.94,0.696997,"D100-E0-F0-sna",3,"D100","E0","F0","sna",2002
"98",1387.14,1303.94,0.74,1378.36,1810.75,0.732064,"D100-E0-F0-sna",3,"D100","E0","F0","sna",2003
"99",1344.88,1270.86,0.64,1337.65,997.132,0.631742,"D100-E0-F0-sna",3,"D100","E0","F0","sna",2004
"100",1368.77,1270.4,0.57,1357.53,1182.44,0.56256,"D100-E0-F0-sna",3,"D100","E0","F0","sna",2005
"101",1426.66,1297.71,0.59,1404.55,1460.56,0.586867,"D100-E0-F0-sna",3,"D100","E0","F0","sna",2006
"102",1459.27,1320.72,0.55,1425,919.279,0.553831,"D100-E0-F0-sna",3,"D100","E0","F0","sna",2007
"103",1507.92,1285.69,0.61,1478.92,1609.99,0.617642,"D100-E0-F0-sna",3,"D100","E0","F0","sna",2008
"104",1505.42,1331.98,0.6,1493.49,812.483,0.598701,"D100-E0-F0-sna",3,"D100","E0","F0","sna",2009
"105",1506.54,1308.42,0.62,1498.84,55.5887,0.610267,"D100-E0-F0-sna",3,"D100","E0","F0","sna",2010
"106",1494.22,1290.14,0.66,1476.09,54.0737,0.65333,"D100-E0-F0-sna",3,"D100","E0","F0","sna",2011
"107",1464.82,1309.56,0.63,1425.23,53.5793,0.634396,"D100-E0-F0-sna",3,"D100","E0","F0","sna",2012
"108",1466.67,1298.8,0.61,1394.69,1278.14,0.630784,"D100-E0-F0-sna",3,"D100","E0","F0","sna",2013
"109",7707.06,1674.17,0,7754.49,1683.53,0,"D100-E0-F0-sna",4,"D100","E0","F0","sna",1978
"110",7796.9,1675.48,0.45,7844.38,1684.84,0.445688,"D100-E0-F0-sna",4,"D100","E0","F0","sna",1979
"111",5629.65,1613.85,0.52,5675.72,1503.96,0.513831,"D100-E0-F0-sna",4,"D100","E0","F0","sna",1980
"112",4098.28,1553.67,0.63,4144.12,1750.83,0.620318,"D100-E0-F0-sna",4,"D100","E0","F0","sna",1981
"113",3020.35,1519.39,0.54,3067.03,1314.49,0.52939,"D100-E0-F0-sna",4,"D100","E0","F0","sna",1982
"114",2580.96,1486.11,0.62,2629.48,1720.71,0.605082,"D100-E0-F0-sna",4,"D100","E0","F0","sna",1983
"115",2257.72,1439.97,0.48,2306.57,1216.3,0.466832,"D100-E0-F0-sna",4,"D100","E0","F0","sna",1984
"116",2218.08,1410.17,0.5,2265.19,1575.76,0.485857,"D100-E0-F0-sna",4,"D100","E0","F0","sna",1985
"117",2177.56,1421.99,0.45,2224.28,1255.53,0.437611,"D100-E0-F0-sna",4,"D100","E0","F0","sna",1986
"118",2189.13,1422.44,0.46,2237.61,1698.52,0.447043,"D100-E0-F0-sna",4,"D100","E0","F0","sna",1987
"119",2172.91,1410.71,0.47,2224.04,1037.06,0.455949,"D100-E0-F0-sna",4,"D100","E0","F0","sna",1988
"120",2134.02,1412.04,0.47,2186.33,1836.18,0.455011,"D100-E0-F0-sna",4,"D100","E0","F0","sna",1989
"121",2090.43,1410.8,0.69,2141.26,1026.62,0.666814,"D100-E0-F0-sna",4,"D100","E0","F0","sna",1990
"122",1852.2,1372.09,0.57,1900.8,1494.8,0.550569,"D100-E0-F0-sna",4,"D100","E0","F0","sna",1991
"123",1791.54,1392.94,0.58,1842,1081.07,0.559701,"D100-E0-F0-sna",4,"D100","E0","F0","sna",1992
"124",1748.31,1338.87,0.62,1799.74,1914.73,0.596439,"D100-E0-F0-sna",4,"D100","E0","F0","sna",1993
"125",1694.32,1317.91,0.86,1746.1,882.494,0.825271,"D100-E0-F0-sna",4,"D100","E0","F0","sna",1994
"126",1507.67,1321.21,0.91,1555.21,1432.43,0.870416,"D100-E0-F0-sna",4,"D100","E0","F0","sna",1995
"127",1374.48,1271.13,0.89,1407.47,792.702,0.855926,"D100-E0-F0-sna",4,"D100","E0","F0","sna",1996
"128",1309.54,1253.54,0.93,1324.68,1858.4,0.913034,"D100-E0-F0-sna",4,"D100","E0","F0","sna",1997
"129",1254.41,1238.09,0.77,1267.69,801.858,0.765923,"D100-E0-F0-sna",4,"D100","E0","F0","sna",1998
"130",1286.06,1246.14,0.71,1307.7,1764.86,0.698407,"D100-E0-F0-sna",4,"D100","E0","F0","sna",1999
"131",1329.42,1273.58,0.73,1342.94,871.575,0.714223,"D100-E0-F0-sna",4,"D100","E0","F0","sna",2000
"132",1340.04,1247.4,0.58,1326.63,1304.45,0.579726,"D100-E0-F0-sna",4,"D100","E0","F0","sna",2001
"133",1412.83,1300.96,0.71,1381.81,1319.15,0.731589,"D100-E0-F0-sna",4,"D100","E0","F0","sna",2002
"134",1383.4,1265.11,0.74,1355.93,1088.92,0.768321,"D100-E0-F0-sna",4,"D100","E0","F0","sna",2003
"135",1340.08,1240.09,0.64,1330.53,1290.79,0.653647,"D100-E0-F0-sna",4,"D100","E0","F0","sna",2004
"136",1362.43,1270.43,0.57,1366.39,1465.05,0.570452,"D100-E0-F0-sna",4,"D100","E0","F0","sna",2005
"137",1419.64,1285.67,0.59,1420.55,1390.96,0.586681,"D100-E0-F0-sna",4,"D100","E0","F0","sna",2006
"138",1451.92,1296.44,0.55,1440.8,1244.31,0.552526,"D100-E0-F0-sna",4,"D100","E0","F0","sna",2007
"139",1498.36,1292.83,0.61,1472.45,1186.41,0.621303,"D100-E0-F0-sna",4,"D100","E0","F0","sna",2008
"140",1491.55,1298.25,0.6,1455.77,952.802,0.61934,"D100-E0-F0-sna",4,"D100","E0","F0","sna",2009
"141",1488.83,1296.04,0.62,1462.29,64.9902,0.641829,"D100-E0-F0-sna",4,"D100","E0","F0","sna",2010
"142",1475.55,1291.8,0.66,1477.03,65.6866,0.669558,"D100-E0-F0-sna",4,"D100","E0","F0","sna",2011
"143",1447.29,1288.79,0.63,1474.06,65.679,0.619499,"D100-E0-F0-sna",4,"D100","E0","F0","sna",2012
"144",1450.33,1294.77,0.61,1471.19,1305.13,0.592173,"D100-E0-F0-sna",4,"D100","E0","F0","sna",2013
"145",7707.06,1674.17,0,7819.8,1695.32,0,"D100-E0-F0-sna",5,"D100","E0","F0","sna",1978
"146",7796.9,1675.48,0.45,7909.47,1696.63,0.454489,"D100-E0-F0-sna",5,"D100","E0","F0","sna",1979
"147",5629.65,1662.72,0.52,5745.99,1283.88,0.523683,"D100-E0-F0-sna",5,"D100","E0","F0","sna",1980
"148",4098.28,1573.27,0.63,4222.21,2142.51,0.6309,"D100-E0-F0-sna",5,"D100","E0","F0","sna",1981
"149",3020.37,1506.28,0.54,3152.66,978.674,0.53682,"D100-E0-F0-sna",5,"D100","E0","F0","sna",1982
"150",2581.19,1477.85,0.62,2720.23,1716.11,0.611882,"D100-E0-F0-sna",5,"D100","E0","F0","sna",1983
"151",2259.24,1436.58,0.48,2397.31,1496.8,0.471744,"D100-E0-F0-sna",5,"D100","E0","F0","sna",1984
"152",2223.61,1441.68,0.5,2350.06,1369.49,0.492867,"D100-E0-F0-sna",5,"D100","E0","F0","sna",1985
"153",2188.97,1449.98,0.45,2305.47,1755.13,0.447215,"D100-E0-F0-sna",5,"D100","E0","F0","sna",1986
"154",2204.08,1418.35,0.46,2314.75,1322.27,0.45947,"D100-E0-F0-sna",5,"D100","E0","F0","sna",1987
"155",2186.55,1424.14,0.47,2290.09,1175.3,0.470256,"D100-E0-F0-sna",5,"D100","E0","F0","sna",1988
"156",2143.91,1445.41,0.47,2249.19,1672.52,0.470681,"D100-E0-F0-sna",5,"D100","E0","F0","sna",1989
"157",2098.75,1413.64,0.69,2215.88,1270.14,0.686048,"D100-E0-F0-sna",5,"D100","E0","F0","sna",1990
"158",1862.05,1375.26,0.57,2000.31,1593.29,0.557957,"D100-E0-F0-sna",5,"D100","E0","F0","sna",1991
"159",1804.65,1363.1,0.58,1963.31,1038.41,0.557546,"D100-E0-F0-sna",5,"D100","E0","F0","sna",1992
"160",1763.24,1364.23,0.62,1923.34,1409.92,0.588218,"D100-E0-F0-sna",5,"D100","E0","F0","sna",1993
"161",1710.16,1346.8,0.86,1860,1118.92,0.814123,"D100-E0-F0-sna",5,"D100","E0","F0","sna",1994
"162",1522.68,1293.19,0.91,1663.61,1662.58,0.862541,"D100-E0-F0-sna",5,"D100","E0","F0","sna",1995
"163",1386.65,1294.28,0.89,1525.81,878.546,0.839925,"D100-E0-F0-sna",5,"D100","E0","F0","sna",1996
"164",1316.74,1263.68,0.93,1448.42,1582.76,0.873303,"D100-E0-F0-sna",5,"D100","E0","F0","sna",1997
"165",1257.6,1236.55,0.77,1366.9,857.4,0.731955,"D100-E0-F0-sna",5,"D100","E0","F0","sna",1998
"166",1289.69,1250.11,0.71,1373.61,1863.89,0.695027,"D100-E0-F0-sna",5,"D100","E0","F0","sna",1999
"167",1334.81,1244.98,0.73,1404.44,776.119,0.732818,"D100-E0-F0-sna",5,"D100","E0","F0","sna",2000
"168",1345.97,1282.66,0.58,1409.28,1427.57,0.587716,"D100-E0-F0-sna",5,"D100","E0","F0","sna",2001
"169",1419.38,1275.35,0.71,1477.76,1278.44,0.721767,"D100-E0-F0-sna",5,"D100","E0","F0","sna",2002
"170",1390.05,1285.86,0.74,1445.51,1449.91,0.754696,"D100-E0-F0-sna",5,"D100","E0","F0","sna",2003
"171",1345.5,1257.89,0.64,1410.23,1086.2,0.651232,"D100-E0-F0-sna",5,"D100","E0","F0","sna",2004
"172",1365.41,1282.59,0.57,1443.72,1586.64,0.572986,"D100-E0-F0-sna",5,"D100","E0","F0","sna",2005
"173",1420.67,1301.32,0.59,1502.2,755.991,0.58746,"D100-E0-F0-sna",5,"D100","E0","F0","sna",2006
"174",1452.47,1307.25,0.55,1535.96,1503.21,0.548209,"D100-E0-F0-sna",5,"D100","E0","F0","sna",2007
"175",1499.86,1302.72,0.61,1593.14,1031.33,0.606933,"D100-E0-F0-sna",5,"D100","E0","F0","sna",2008
"176",1495.72,1327.8,0.6,1601.43,1865.28,0.590738,"D100-E0-F0-sna",5,"D100","E0","F0","sna",2009
"177",1496.78,1307.35,0.62,1610.09,69.6047,0.603871,"D100-E0-F0-sna",5,"D100","E0","F0","sna",2010
"178",1486.84,1312.95,0.66,1588.93,66.1715,0.641458,"D100-E0-F0-sna",5,"D100","E0","F0","sna",2011
"179",1460.48,1289.62,0.63,1532.55,65.5304,0.623211,"D100-E0-F0-sna",5,"D100","E0","F0","sna",2012
"180",1464.6,1298.3,0.61,1506.36,1320.21,0.623086,"D100-E0-F0-sna",5,"D100","E0","F0","sna",2013
"181",7707.06,1674.17,0,7776.86,1686.47,0,"D100-E0-F0-sna",6,"D100","E0","F0","sna",1978
"182",7796.9,1675.48,0.45,7866.51,1687.77,0.459357,"D100-E0-F0-sna",6,"D100","E0","F0","sna",1979
"183",5629.65,1622.72,0.52,5703.55,1552.67,0.531406,"D100-E0-F0-sna",6,"D100","E0","F0","sna",1980
"184",4098.28,1574.51,0.63,4181.45,1712.73,0.643628,"D100-E0-F0-sna",6,"D100","E0","F0","sna",1981
"185",3020.35,1540.34,0.54,3114.26,1613.54,0.550374,"D100-E0-F0-sna",6,"D100","E0","F0","sna",1982
"186",2581.01,1493.9,0.62,2684.93,1020.94,0.629452,"D100-E0-F0-sna",6,"D100","E0","F0","sna",1983
"187",2258.08,1428.44,0.48,2369.21,1878.38,0.485378,"D100-E0-F0-sna",6,"D100","E0","F0","sna",1984
"188",2219.7,1439.97,0.5,2336.01,925.032,0.50431,"D100-E0-F0-sna",6,"D100","E0","F0","sna",1985
"189",2182.13,1399.12,0.45,2305.18,1838.3,0.45284,"D100-E0-F0-sna",6,"D100","E0","F0","sna",1986
"190",2197.96,1450.2,0.46,2327.74,1517.84,0.460991,"D100-E0-F0-sna",6,"D100","E0","F0","sna",1987
"191",2185.3,1433.58,0.47,2306.97,1137.18,0.469522,"D100-E0-F0-sna",6,"D100","E0","F0","sna",1988
"192",2147.42,1419.72,0.47,2251.72,1662.64,0.471922,"D100-E0-F0-sna",6,"D100","E0","F0","sna",1989
"193",2102.96,1426.04,0.69,2190.73,1087.32,0.699351,"D100-E0-F0-sna",6,"D100","E0","F0","sna",1990
"194",1862.03,1375.17,0.57,1944.36,1751.09,0.581584,"D100-E0-F0-sna",6,"D100","E0","F0","sna",1991
"195",1800.52,1380.68,0.58,1898.4,968.821,0.589843,"D100-E0-F0-sna",6,"D100","E0","F0","sna",1992
"196",1758.62,1334.65,0.62,1869.87,1630.13,0.621366,"D100-E0-F0-sna",6,"D100","E0","F0","sna",1993
"197",1707.02,1344.76,0.86,1819.17,937.341,0.851973,"D100-E0-F0-sna",6,"D100","E0","F0","sna",1994
"198",1520.81,1298.64,0.91,1624.29,1592.17,0.900652,"D100-E0-F0-sna",6,"D100","E0","F0","sna",1995
"199",1385.8,1260.47,0.89,1482.23,979.31,0.885135,"D100-E0-F0-sna",6,"D100","E0","F0","sna",1996
"200",1317.27,1275.15,0.93,1408.52,1623.25,0.92696,"D100-E0-F0-sna",6,"D100","E0","F0","sna",1997
"201",1258.06,1252.38,0.77,1340.49,881.761,0.770995,"D100-E0-F0-sna",6,"D100","E0","F0","sna",1998
"202",1287.99,1254.31,0.71,1357.4,1546.21,0.719667,"D100-E0-F0-sna",6,"D100","E0","F0","sna",1999
"203",1330.76,1268.89,0.73,1386.61,843.711,0.75156,"D100-E0-F0-sna",6,"D100","E0","F0","sna",2000
"204",1340.1,1261.67,0.58,1388.33,1504.7,0.604133,"D100-E0-F0-sna",6,"D100","E0","F0","sna",2001
"205",1412.53,1268.46,0.71,1461.86,1431.01,0.741584,"D100-E0-F0-sna",6,"D100","E0","F0","sna",2002
"206",1385.32,1261.75,0.74,1436.36,1309.1,0.769812,"D100-E0-F0-sna",6,"D100","E0","F0","sna",2003
"207",1345.28,1280.01,0.64,1392.65,933.437,0.664786,"D100-E0-F0-sna",6,"D100","E0","F0","sna",2004
"208",1369.32,1252.5,0.57,1405.71,1571.45,0.596128,"D100-E0-F0-sna",6,"D100","E0","F0","sna",2005
"209",1426.07,1302.59,0.59,1454.24,1162.97,0.624341,"D100-E0-F0-sna",6,"D100","E0","F0","sna",2006
"210",1455.58,1293.84,0.55,1495.61,1327.33,0.583613,"D100-E0-F0-sna",6,"D100","E0","F0","sna",2007
"211",1498.65,1304.36,0.61,1561.92,1235.9,0.635884,"D100-E0-F0-sna",6,"D100","E0","F0","sna",2008
"212",1491.02,1288.59,0.6,1565.3,1758.82,0.612143,"D100-E0-F0-sna",6,"D100","E0","F0","sna",2009
"213",1490.37,1314.73,0.62,1565.12,59.7202,0.629144,"D100-E0-F0-sna",6,"D100","E0","F0","sna",2010
"214",1479.33,1300.08,0.66,1555.78,59.1197,0.671045,"D100-E0-F0-sna",6,"D100","E0","F0","sna",2011
"215",1452.17,1281.92,0.63,1531.13,58.9076,0.639185,"D100-E0-F0-sna",6,"D100","E0","F0","sna",2012
"216",1455.52,1296.05,0.61,1538.13,1322.68,0.61754,"D100-E0-F0-sna",6,"D100","E0","F0","sna",2013
"217",7707.06,1674.17,0,7716.62,1676.25,0,"D100-E0-F0-sna",7,"D100","E0","F0","sna",1978
"218",7796.9,1675.48,0.45,7806.37,1677.56,0.451127,"D100-E0-F0-sna",7,"D100","E0","F0","sna",1979
"219",5629.65,1629.93,0.52,5641.14,1771.16,0.520263,"D100-E0-F0-sna",7,"D100","E0","F0","sna",1980
"220",4098.28,1562.08,0.63,4109.8,1070.89,0.628737,"D100-E0-F0-sna",7,"D100","E0","F0","sna",1981
"221",3020.36,1524.1,0.54,3030.01,2006.12,0.538039,"D100-E0-F0-sna",7,"D100","E0","F0","sna",1982
"222",2581.04,1491.93,0.62,2587.67,1037.62,0.61771,"D100-E0-F0-sna",7,"D100","E0","F0","sna",1983
"223",2258.23,1421.86,0.48,2262.71,1488.57,0.478795,"D100-E0-F0-sna",7,"D100","E0","F0","sna",1984
"224",2220,1413.28,0.5,2220.67,1514.24,0.499735,"D100-E0-F0-sna",7,"D100","E0","F0","sna",1985
"225",2181.81,1420.5,0.45,2167.17,1219.62,0.452211,"D100-E0-F0-sna",7,"D100","E0","F0","sna",1986
"226",2195.54,1417.82,0.46,2160.57,1959.34,0.467828,"D100-E0-F0-sna",7,"D100","E0","F0","sna",1987
"227",2180.07,1446.06,0.47,2124.36,926.092,0.48439,"D100-E0-F0-sna",7,"D100","E0","F0","sna",1988
"228",2139.79,1427.54,0.47,2059.93,1871.57,0.491403,"D100-E0-F0-sna",7,"D100","E0","F0","sna",1989
"229",2093.46,1406.15,0.69,1997.24,961.178,0.734562,"D100-E0-F0-sna",7,"D100","E0","F0","sna",1990
"230",1852.44,1359.49,0.57,1754.48,1750.29,0.61371,"D100-E0-F0-sna",7,"D100","E0","F0","sna",1991
"231",1791.26,1366.97,0.58,1707.77,1450.12,0.622308,"D100-E0-F0-sna",7,"D100","E0","F0","sna",1992
"232",1750.38,1377.15,0.62,1684.76,1266.68,0.655785,"D100-E0-F0-sna",7,"D100","E0","F0","sna",1993
"233",1700.76,1334.82,0.86,1644.16,1603.19,0.900643,"D100-E0-F0-sna",7,"D100","E0","F0","sna",1994
"234",1516.45,1305.03,0.91,1461.68,1007.33,0.954,"D100-E0-F0-sna",7,"D100","E0","F0","sna",1995
"235",1380.66,1284.57,0.89,1330.3,1331.44,0.936194,"D100-E0-F0-sna",7,"D100","E0","F0","sna",1996
"236",1310.73,1249.07,0.93,1280.7,1083.52,0.965483,"D100-E0-F0-sna",7,"D100","E0","F0","sna",1997
"237",1253.5,1244.91,0.77,1248.35,1597.83,0.776803,"D100-E0-F0-sna",7,"D100","E0","F0","sna",1998
"238",1287.85,1247.05,0.71,1298.62,1235.8,0.702254,"D100-E0-F0-sna",7,"D100","E0","F0","sna",1999
"239",1334.37,1276.19,0.73,1346.49,1085.66,0.717209,"D100-E0-F0-sna",7,"D100","E0","F0","sna",2000
"240",1345.65,1267.71,0.58,1342.04,1636.84,0.575626,"D100-E0-F0-sna",7,"D100","E0","F0","sna",2001
"241",1417.86,1301.69,0.71,1395.27,724.658,0.719592,"D100-E0-F0-sna",7,"D100","E0","F0","sna",2002
"242",1387.35,1299.49,0.74,1362.52,1824.56,0.759692,"D100-E0-F0-sna",7,"D100","E0","F0","sna",2003
"243",1343.42,1283.7,0.64,1334.94,1170.26,0.650151,"D100-E0-F0-sna",7,"D100","E0","F0","sna",2004
"244",1366,1285.98,0.57,1370.76,1330.61,0.568712,"D100-E0-F0-sna",7,"D100","E0","F0","sna",2005
"245",1424.57,1287.21,0.59,1433.89,1114.68,0.584237,"D100-E0-F0-sna",7,"D100","E0","F0","sna",2006
"246",1459.34,1300.43,0.55,1462.98,1309.13,0.545432,"D100-E0-F0-sna",7,"D100","E0","F0","sna",2007
"247",1509.94,1289.17,0.61,1508.78,1168.45,0.609301,"D100-E0-F0-sna",7,"D100","E0","F0","sna",2008
"248",1508.9,1311.88,0.6,1516.8,1331.85,0.598805,"D100-E0-F0-sna",7,"D100","E0","F0","sna",2009
"249",1511.46,1302.27,0.62,1528.93,49.3305,0.611986,"D100-E0-F0-sna",7,"D100","E0","F0","sna",2010
"250",1499.33,1283.02,0.66,1511.61,49.3407,0.649064,"D100-E0-F0-sna",7,"D100","E0","F0","sna",2011
"251",1467.36,1318.03,0.63,1459.02,48.9039,0.627918,"D100-E0-F0-sna",7,"D100","E0","F0","sna",2012
"252",1465.17,1298.44,0.61,1425.19,1289.57,0.624469,"D100-E0-F0-sna",7,"D100","E0","F0","sna",2013
"253",7707.06,1674.17,0,7788.78,1689.77,0,"D100-E0-F0-sna",8,"D100","E0","F0","sna",1978
"254",7796.9,1675.48,0.45,7878.45,1691.08,0.453344,"D100-E0-F0-sna",8,"D100","E0","F0","sna",1979
"255",5629.65,1620.77,0.52,5714.99,1426.48,0.521969,"D100-E0-F0-sna",8,"D100","E0","F0","sna",1980
"256",4098.28,1612.14,0.63,4188.29,1710.1,0.628677,"D100-E0-F0-sna",8,"D100","E0","F0","sna",1981
"257",3020.36,1507.43,0.54,3114.08,1452.62,0.535482,"D100-E0-F0-sna",8,"D100","E0","F0","sna",1982
"258",2581.02,1454.4,0.62,2676.44,1605.23,0.611792,"D100-E0-F0-sna",8,"D100","E0","F0","sna",1983
"259",2258.18,1418.28,0.48,2350.16,1160.7,0.472928,"D100-E0-F0-sna",8,"D100","E0","F0","sna",1984
"260",2220.44,1419.93,0.5,2299.97,1698,0.494783,"D100-E0-F0-sna",8,"D100","E0","F0","sna",1985
"261",2184.46,1403.47,0.45,2246.79,1237.48,0.449557,"D100-E0-F0-sna",8,"D100","E0","F0","sna",1986
"262",2200.46,1423.77,0.46,2251.28,1171.22,0.464072,"D100-E0-F0-sna",8,"D100","E0","F0","sna",1987
"263",2183.44,1440.26,0.47,2230.1,1895.79,0.476366,"D100-E0-F0-sna",8,"D100","E0","F0","sna",1988
"264",2138.21,1445.75,0.47,2181.81,943.314,0.476558,"D100-E0-F0-sna",8,"D100","E0","F0","sna",1989
"265",2087.61,1419.47,0.69,2128.54,1676.02,0.699226,"D100-E0-F0-sna",8,"D100","E0","F0","sna",1990
"266",1845.2,1372.31,0.57,1881.14,1537.09,0.577717,"D100-E0-F0-sna",8,"D100","E0","F0","sna",1991
"267",1784.32,1375.34,0.58,1805.81,1372.26,0.591174,"D100-E0-F0-sna",8,"D100","E0","F0","sna",1992
"268",1745,1358.15,0.62,1753.79,1406.69,0.639806,"D100-E0-F0-sna",8,"D100","E0","F0","sna",1993
"269",1698.46,1349.39,0.86,1697.92,1243.83,0.896321,"D100-E0-F0-sna",8,"D100","E0","F0","sna",1994
"270",1518.84,1304.23,0.91,1512.83,1386.9,0.955467,"D100-E0-F0-sna",8,"D100","E0","F0","sna",1995
"271",1387.04,1285.39,0.89,1393.63,993.447,0.933078,"D100-E0-F0-sna",8,"D100","E0","F0","sna",1996
"272",1318.73,1256.68,0.93,1351.46,1595.28,0.950965,"D100-E0-F0-sna",8,"D100","E0","F0","sna",1997
"273",1260.02,1256.88,0.77,1313.94,1173.42,0.765601,"D100-E0-F0-sna",8,"D100","E0","F0","sna",1998
"274",1292.07,1235.53,0.71,1351.67,1311.27,0.698394,"D100-E0-F0-sna",8,"D100","E0","F0","sna",1999
"275",1337.18,1276.58,0.73,1390.01,1239.83,0.720932,"D100-E0-F0-sna",8,"D100","E0","F0","sna",2000
"276",1348.08,1263.03,0.58,1386.39,1577.38,0.580254,"D100-E0-F0-sna",8,"D100","E0","F0","sna",2001
"277",1420.78,1312.63,0.71,1451.73,1170.47,0.719855,"D100-E0-F0-sna",8,"D100","E0","F0","sna",2002
"278",1391,1274.36,0.74,1428.88,1256.66,0.750098,"D100-E0-F0-sna",8,"D100","E0","F0","sna",2003
"279",1347.1,1260.39,0.64,1398.89,1236.29,0.640013,"D100-E0-F0-sna",8,"D100","E0","F0","sna",2004
"280",1368.52,1291.57,0.57,1436.14,1283.58,0.562239,"D100-E0-F0-sna",8,"D100","E0","F0","sna",2005
"281",1425.54,1293,0.59,1515.5,1107.56,0.573595,"D100-E0-F0-sna",8,"D100","E0","F0","sna",2006
"282",1458.99,1297.33,0.55,1571.05,1451.2,0.525249,"D100-E0-F0-sna",8,"D100","E0","F0","sna",2007
"283",1507.65,1302.02,0.61,1627.67,1176.45,0.575033,"D100-E0-F0-sna",8,"D100","E0","F0","sna",2008
"284",1503.23,1309.13,0.6,1616.68,880.285,0.56541,"D100-E0-F0-sna",8,"D100","E0","F0","sna",2009
"285",1502.97,1309.45,0.62,1601.21,58.4053,0.59001,"D100-E0-F0-sna",8,"D100","E0","F0","sna",2010
"286",1491.06,1284.68,0.66,1567.79,58.4561,0.637748,"D100-E0-F0-sna",8,"D100","E0","F0","sna",2011
"287",1461.92,1293.46,0.63,1516.17,57.9888,0.621069,"D100-E0-F0-sna",8,"D100","E0","F0","sna",2012
"288",1463.04,1297.91,0.61,1486.08,1312.22,0.615973,"D100-E0-F0-sna",8,"D100","E0","F0","sna",2013
"289",7707.06,1674.17,0,7744.45,1681.47,0,"D100-E0-F0-sna",9,"D100","E0","F0","sna",1978
"290",7796.9,1675.48,0.45,7834.3,1682.78,0.447841,"D100-E0-F0-sna",9,"D100","E0","F0","sna",1979
"291",5629.65,1626.96,0.52,5666.59,1604.73,0.516644,"D100-E0-F0-sna",9,"D100","E0","F0","sna",1980
"292",4098.28,1593.78,0.63,4135.71,1051.52,0.624281,"D100-E0-F0-sna",9,"D100","E0","F0","sna",1981
"293",3020.36,1555.77,0.54,3058.89,2049.22,0.53337,"D100-E0-F0-sna",9,"D100","E0","F0","sna",1982
"294",2581.04,1479.79,0.62,2621.22,1431.49,0.610392,"D100-E0-F0-sna",9,"D100","E0","F0","sna",1983
"295",2258.3,1430.94,0.48,2297.6,1520.89,0.47153,"D100-E0-F0-sna",9,"D100","E0","F0","sna",1984
"296",2220.76,1418.3,0.5,2248.44,1151.59,0.492045,"D100-E0-F0-sna",9,"D100","E0","F0","sna",1985
"297",2185.35,1452.2,0.45,2181.85,1775.45,0.447962,"D100-E0-F0-sna",9,"D100","E0","F0","sna",1986
"298",2204.12,1438,0.46,2173.89,1212.81,0.467606,"D100-E0-F0-sna",9,"D100","E0","F0","sna",1987
"299",2192.98,1447.19,0.47,2163.36,1845.68,0.483077,"D100-E0-F0-sna",9,"D100","E0","F0","sna",1988
"300",2153.95,1393.83,0.47,2139.94,1256.97,0.479414,"D100-E0-F0-sna",9,"D100","E0","F0","sna",1989
"301",2107.16,1428.64,0.69,2103.24,1361.74,0.696,"D100-E0-F0-sna",9,"D100","E0","F0","sna",1990
"302",1865.39,1386.72,0.57,1867.94,1554.91,0.572723,"D100-E0-F0-sna",9,"D100","E0","F0","sna",1991
"303",1806.12,1356.14,0.58,1820.1,1117.31,0.5802,"D100-E0-F0-sna",9,"D100","E0","F0","sna",1992
"304",1765.79,1344.44,0.62,1801.83,1248.99,0.612401,"D100-E0-F0-sna",9,"D100","E0","F0","sna",1993
"305",1712.72,1362.04,0.86,1774.67,1585.03,0.829197,"D100-E0-F0-sna",9,"D100","E0","F0","sna",1994
"306",1522.49,1315.61,0.91,1599.04,985.344,0.85525,"D100-E0-F0-sna",9,"D100","E0","F0","sna",1995
"307",1384.87,1277.65,0.89,1463.1,1330.88,0.828345,"D100-E0-F0-sna",9,"D100","E0","F0","sna",1996
"308",1315.46,1257.08,0.93,1384.34,1432.53,0.866609,"D100-E0-F0-sna",9,"D100","E0","F0","sna",1997
"309",1256.22,1232.07,0.77,1305.05,909.768,0.728706,"D100-E0-F0-sna",9,"D100","E0","F0","sna",1998
"310",1288.06,1259.99,0.71,1319.47,1389.65,0.68828,"D100-E0-F0-sna",9,"D100","E0","F0","sna",1999
"311",1334.86,1265.08,0.73,1350.82,1645.51,0.719254,"D100-E0-F0-sna",9,"D100","E0","F0","sna",2000
"312",1347.95,1259.09,0.58,1347.16,674.463,0.580359,"D100-E0-F0-sna",9,"D100","E0","F0","sna",2001
"313",1421,1293.15,0.71,1410.81,2039.74,0.72106,"D100-E0-F0-sna",9,"D100","E0","F0","sna",2002
"314",1389.79,1269.62,0.74,1372.67,461.129,0.756379,"D100-E0-F0-sna",9,"D100","E0","F0","sna",2003
"315",1344.65,1269.85,0.64,1324.19,1524.1,0.658046,"D100-E0-F0-sna",9,"D100","E0","F0","sna",2004
"316",1366.1,1272.85,0.57,1357.62,971.327,0.584309,"D100-E0-F0-sna",9,"D100","E0","F0","sna",2005
"317",1422.87,1291.88,0.59,1429.91,1527.92,0.593747,"D100-E0-F0-sna",9,"D100","E0","F0","sna",2006
"318",1454.76,1293.26,0.55,1472.77,1097.89,0.546041,"D100-E0-F0-sna",9,"D100","E0","F0","sna",2007
"319",1501.37,1308.41,0.61,1513.73,1304.2,0.603122,"D100-E0-F0-sna",9,"D100","E0","F0","sna",2008
"320",1496.25,1321.66,0.6,1478.61,1192.25,0.603047,"D100-E0-F0-sna",9,"D100","E0","F0","sna",2009
"321",1496.31,1313.76,0.62,1441.79,68.7882,0.646868,"D100-E0-F0-sna",9,"D100","E0","F0","sna",2010
"322",1484.71,1320.16,0.66,1404.1,69.5349,0.713376,"D100-E0-F0-sna",9,"D100","E0","F0","sna",2011
"323",1456.15,1313.16,0.63,1361.49,68.963,0.693711,"D100-E0-F0-sna",9,"D100","E0","F0","sna",2012
"324",1458.83,1296.87,0.61,1345.61,1271.1,0.679453,"D100-E0-F0-sna",9,"D100","E0","F0","sna",2013
"325",7707.06,1674.17,0,7765.06,1684.68,0,"D100-E0-F0-sna",10,"D100","E0","F0","sna",1978
"326",7796.9,1675.48,0.45,7854.74,1685.99,0.456651,"D100-E0-F0-sna",10,"D100","E0","F0","sna",1979
"327",5629.65,1597.11,0.52,5691.27,1650.5,0.527431,"D100-E0-F0-sna",10,"D100","E0","F0","sna",1980
"328",4098.28,1602.53,0.63,4166.33,1422.45,0.637814,"D100-E0-F0-sna",10,"D100","E0","F0","sna",1981
"329",3020.35,1514.9,0.54,3095.03,1685.14,0.545094,"D100-E0-F0-sna",10,"D100","E0","F0","sna",1982
"330",2580.91,1462.02,0.62,2661.43,1179.16,0.62382,"D100-E0-F0-sna",10,"D100","E0","F0","sna",1983
"331",2257.45,1427.04,0.48,2342.83,1837.64,0.481651,"D100-E0-F0-sna",10,"D100","E0","F0","sna",1984
"332",2217.76,1436.69,0.5,2306.41,1146.09,0.500901,"D100-E0-F0-sna",10,"D100","E0","F0","sna",1985
"333",2178.97,1419.64,0.45,2264.23,1648.29,0.450762,"D100-E0-F0-sna",10,"D100","E0","F0","sna",1986
"334",2193.46,1438.67,0.46,2270.79,1302.47,0.462268,"D100-E0-F0-sna",10,"D100","E0","F0","sna",1987
"335",2177.76,1432.44,0.47,2246.5,1296.43,0.474463,"D100-E0-F0-sna",10,"D100","E0","F0","sna",1988
"336",2136.22,1432.02,0.47,2204.39,1272.4,0.475722,"D100-E0-F0-sna",10,"D100","E0","F0","sna",1989
"337",2090.42,1402.3,0.69,2165.61,1939.66,0.695267,"D100-E0-F0-sna",10,"D100","E0","F0","sna",1990
"338",1852.85,1362.43,0.57,1934.68,963.425,0.569253,"D100-E0-F0-sna",10,"D100","E0","F0","sna",1991
"339",1795.27,1365.71,0.58,1877.18,1415.48,0.576585,"D100-E0-F0-sna",10,"D100","E0","F0","sna",1992
"340",1756.17,1362.23,0.62,1822.71,1446.36,0.618626,"D100-E0-F0-sna",10,"D100","E0","F0","sna",1993
"341",1705.88,1346.27,0.86,1750.25,1504.56,0.871568,"D100-E0-F0-sna",10,"D100","E0","F0","sna",1994
"342",1519.22,1291.56,0.91,1558.37,1132.88,0.936214,"D100-E0-F0-sna",10,"D100","E0","F0","sna",1995
"343",1381.66,1279.64,0.89,1430.63,1184.33,0.907614,"D100-E0-F0-sna",10,"D100","E0","F0","sna",1996
"344",1310.7,1258.74,0.93,1362.24,1348.15,0.935837,"D100-E0-F0-sna",10,"D100","E0","F0","sna",1997
"345",1252.37,1221.02,0.77,1305.06,1289.22,0.776206,"D100-E0-F0-sna",10,"D100","E0","F0","sna",1998
"346",1285.73,1267.84,0.71,1350.15,1142.65,0.713331,"D100-E0-F0-sna",10,"D100","E0","F0","sna",1999
"347",1331.64,1270.06,0.73,1406.06,1474.99,0.723831,"D100-E0-F0-sna",10,"D100","E0","F0","sna",2000
"348",1342.42,1256.9,0.58,1412.63,1174.59,0.573074,"D100-E0-F0-sna",10,"D100","E0","F0","sna",2001
"349",1414.27,1265.63,0.71,1476.24,1125.37,0.707903,"D100-E0-F0-sna",10,"D100","E0","F0","sna",2002
"350",1383.82,1293.85,0.74,1444.1,1466.93,0.742109,"D100-E0-F0-sna",10,"D100","E0","F0","sna",2003
"351",1340.38,1267.37,0.64,1404.79,1214.18,0.639594,"D100-E0-F0-sna",10,"D100","E0","F0","sna",2004
"352",1363.66,1268.63,0.57,1435.7,1163.69,0.566798,"D100-E0-F0-sna",10,"D100","E0","F0","sna",2005
"353",1421.55,1303.49,0.59,1500.25,1934.63,0.58365,"D100-E0-F0-sna",10,"D100","E0","F0","sna",2006
"354",1452.96,1297.74,0.55,1529.71,426.245,0.542991,"D100-E0-F0-sna",10,"D100","E0","F0","sna",2007
"355",1498.78,1321.7,0.61,1571.15,1819.89,0.604994,"D100-E0-F0-sna",10,"D100","E0","F0","sna",2008
"356",1494.34,1301.41,0.6,1566.46,747.843,0.597165,"D100-E0-F0-sna",10,"D100","E0","F0","sna",2009
"357",1495.84,1314.61,0.62,1573.9,70.5637,0.615505,"D100-E0-F0-sna",10,"D100","E0","F0","sna",2010
"358",1485.71,1312.05,0.66,1580.21,77.0949,0.648734,"D100-E0-F0-sna",10,"D100","E0","F0","sna",2011
"359",1458.78,1286.65,0.63,1556.92,67.685,0.61095,"D100-E0-F0-sna",10,"D100","E0","F0","sna",2012
"360",1462.83,1297.86,0.61,1533.33,1320.57,0.596535,"D100-E0-F0-sna",10,"D100","E0","F0","sna",2013
"361",7707.06,1674.17,0,7859.07,1704,0,"D101-E0-F0-sna",1,"D101","E0","F0","sna",1978
"362",7796.9,1675.48,0.45,7948.71,1705.31,0.448537,"D101-E0-F0-sna",1,"D101","E0","F0","sna",1979
"363",5629.65,1654.34,0.52,5785.71,2145.16,0.513576,"D101-E0-F0-sna",1,"D101","E0","F0","sna",1980
"364",4098.28,1554.32,0.63,4258.14,685.609,0.613888,"D101-E0-F0-sna",1,"D101","E0","F0","sna",1981
"365",3020.37,1542.65,0.54,3182.12,1825.48,0.519096,"D101-E0-F0-sna",1,"D101","E0","F0","sna",1982
"366",2581.15,1481.56,0.62,2744.97,1206.51,0.589544,"D101-E0-F0-sna",1,"D101","E0","F0","sna",1983
"367",2258.92,1428.41,0.48,2430.53,1763.15,0.452979,"D101-E0-F0-sna",1,"D101","E0","F0","sna",1984
"368",2222.36,1426.94,0.5,2408.54,1572.26,0.468931,"D101-E0-F0-sna",1,"D101","E0","F0","sna",1985
"369",2186.42,1437.29,0.45,2362.09,951.016,0.420897,"D101-E0-F0-sna",1,"D101","E0","F0","sna",1986
"370",2201.9,1423.03,0.46,2334,1770.44,0.43618,"D101-E0-F0-sna",1,"D101","E0","F0","sna",1987
"371",2187.02,1421.94,0.47,2272.57,1000.99,0.457624,"D101-E0-F0-sna",1,"D101","E0","F0","sna",1988
"372",2146.43,1432.85,0.47,2209.41,1983.54,0.467839,"D101-E0-F0-sna",1,"D101","E0","F0","sna",1989
"373",2100.33,1401.83,0.69,2166.55,820.073,0.689086,"D101-E0-F0-sna",1,"D101","E0","F0","sna",1990
"374",1860.13,1372.57,0.57,1925.35,1784.65,0.564477,"D101-E0-F0-sna",1,"D101","E0","F0","sna",1991
"375",1799.98,1366.39,0.58,1849.44,895.252,0.57608,"D101-E0-F0-sna",1,"D101","E0","F0","sna",1992
"376",1757.6,1364.9,0.62,1787.56,1799.96,0.62444,"D101-E0-F0-sna",1,"D101","E0","F0","sna",1993
"377",1704.3,1350.16,0.86,1723.14,951.23,0.877066,"D101-E0-F0-sna",1,"D101","E0","F0","sna",1994
"378",1516.57,1323.05,0.91,1527.56,2078.69,0.932582,"D101-E0-F0-sna",1,"D101","E0","F0","sna",1995
"379",1380.29,1264.79,0.89,1378.17,380.882,0.920107,"D101-E0-F0-sna",1,"D101","E0","F0","sna",1996
"380",1311.33,1237.93,0.93,1292.12,1765.54,0.979077,"D101-E0-F0-sna",1,"D101","E0","F0","sna",1997
"381",1254.48,1240.33,0.77,1223.14,1110.79,0.825029,"D101-E0-F0-sna",1,"D101","E0","F0","sna",1998
"382",1289.09,1250.54,0.71,1257.87,1665.78,0.765028,"D101-E0-F0-sna",1,"D101","E0","F0","sna",1999
"383",1336.86,1275.05,0.73,1318.64,462.984,0.779618,"D101-E0-F0-sna",1,"D101","E0","F0","sna",2000
"384",1348.61,1264.12,0.58,1335.9,1786.26,0.611398,"D101-E0-F0-sna",1,"D101","E0","F0","sna",2001
"385",1418.89,1276.99,0.71,1398.3,1408.38,0.749144,"D101-E0-F0-sna",1,"D101","E0","F0","sna",2002
"386",1385.15,1289.9,0.74,1368.72,1012.46,0.784894,"D101-E0-F0-sna",1,"D101","E0","F0","sna",2003
"387",1339.52,1278.45,0.64,1338.35,883.197,0.671203,"D101-E0-F0-sna",1,"D101","E0","F0","sna",2004
"388",1362.14,1281.22,0.57,1358.33,1861.29,0.591591,"D101-E0-F0-sna",1,"D101","E0","F0","sna",2005
"389",1420.75,1306.39,0.59,1402.93,829.138,0.618446,"D101-E0-F0-sna",1,"D101","E0","F0","sna",2006
"390",1454.1,1295.88,0.55,1438.83,1226.66,0.58204,"D101-E0-F0-sna",1,"D101","E0","F0","sna",2007
"391",1501.95,1303.33,0.61,1486.26,292.616,0.642751,"D101-E0-F0-sna",1,"D101","E0","F0","sna",2008
"392",1499.01,1303.75,0.6,1458,306.474,0.637708,"D101-E0-F0-sna",1,"D101","E0","F0","sna",2009
"393",1501.85,1294.9,0.62,1432.87,307.081,0.678926,"D101-E0-F0-sna",1,"D101","E0","F0","sna",2010
"394",1492.57,1303.78,0.66,1398.55,304.947,0.743754,"D101-E0-F0-sna",1,"D101","E0","F0","sna",2011
"395",1464.79,1299.5,0.63,1311.34,299.175,0.73969,"D101-E0-F0-sna",1,"D101","E0","F0","sna",2012
"396",1465.99,1298.64,0.61,1171.87,1228.66,0.800288,"D101-E0-F0-sna",1,"D101","E0","F0","sna",2013
"397",7707.06,1674.17,0,8013.82,1735.43,0,"D101-E0-F0-sna",2,"D101","E0","F0","sna",1978
"398",7796.9,1675.48,0.45,8103.68,1736.74,0.42901,"D101-E0-F0-sna",2,"D101","E0","F0","sna",1979
"399",5629.65,1644.19,0.52,5934.91,1143.45,0.486246,"D101-E0-F0-sna",2,"D101","E0","F0","sna",1980
"400",4098.28,1600.66,0.63,4401.94,818.38,0.573195,"D101-E0-F0-sna",2,"D101","E0","F0","sna",1981
"401",3020.36,1525.56,0.54,3322.19,2122.29,0.477663,"D101-E0-F0-sna",2,"D101","E0","F0","sna",1982
"402",2581.12,1487.42,0.62,2881.61,1321.83,0.535771,"D101-E0-F0-sna",2,"D101","E0","F0","sna",1983
"403",2258.82,1451.01,0.48,2544,1665.5,0.409894,"D101-E0-F0-sna",2,"D101","E0","F0","sna",1984
"404",2222.61,1449.79,0.5,2452.37,924.003,0.431374,"D101-E0-F0-sna",2,"D101","E0","F0","sna",1985
"405",2188.67,1423.3,0.45,2309.75,2132.17,0.404998,"D101-E0-F0-sna",2,"D101","E0","F0","sna",1986
"406",2207.17,1443.01,0.46,2223.75,1375.06,0.443076,"D101-E0-F0-sna",2,"D101","E0","F0","sna",1987
"407",2194.4,1411.34,0.47,2156.35,641.39,0.477603,"D101-E0-F0-sna",2,"D101","E0","F0","sna",1988
"408",2155.57,1426.98,0.47,2102.71,1865.92,0.486237,"D101-E0-F0-sna",2,"D101","E0","F0","sna",1989
"409",2111.8,1423.29,0.69,2055.48,1252.35,0.715702,"D101-E0-F0-sna",2,"D101","E0","F0","sna",1990
"410",1872.17,1377.64,0.57,1827.06,1635.53,0.591951,"D101-E0-F0-sna",2,"D101","E0","F0","sna",1991
"411",1811.28,1384.73,0.58,1787.18,1151.33,0.594622,"D101-E0-F0-sna",2,"D101","E0","F0","sna",1992
"412",1766.67,1374.07,0.62,1733.62,1540.91,0.628667,"D101-E0-F0-sna",2,"D101","E0","F0","sna",1993
"413",1710.44,1351.31,0.86,1642.52,1129.82,0.89772,"D101-E0-F0-sna",2,"D101","E0","F0","sna",1994
"414",1520.51,1294.21,0.91,1429.65,1466.67,0.994745,"D101-E0-F0-sna",2,"D101","E0","F0","sna",1995
"415",1384.96,1282.24,0.89,1299.04,2066.88,0.982218,"D101-E0-F0-sna",2,"D101","E0","F0","sna",1996
"416",1318.22,1245.37,0.93,1245.21,370.647,1.01224,"D101-E0-F0-sna",2,"D101","E0","F0","sna",1997
"417",1262.87,1244.56,0.77,1194.98,1690.32,0.83069,"D101-E0-F0-sna",2,"D101","E0","F0","sna",1998
"418",1297.17,1253.84,0.71,1228.63,1561.48,0.764582,"D101-E0-F0-sna",2,"D101","E0","F0","sna",1999
"419",1342.03,1258.84,0.73,1287.71,708.155,0.781379,"D101-E0-F0-sna",2,"D101","E0","F0","sna",2000
"420",1350.3,1282.71,0.58,1342.92,1539.5,0.599892,"D101-E0-F0-sna",2,"D101","E0","F0","sna",2001
"421",1419.81,1270.41,0.71,1456,647.986,0.693858,"D101-E0-F0-sna",2,"D101","E0","F0","sna",2002
"422",1387.2,1268.67,0.74,1444.62,1582.81,0.699883,"D101-E0-F0-sna",2,"D101","E0","F0","sna",2003
"423",1342.53,1279.19,0.64,1419.06,1944.88,0.598266,"D101-E0-F0-sna",2,"D101","E0","F0","sna",2004
"424",1364.73,1269.54,0.57,1449.94,408.747,0.525196,"D101-E0-F0-sna",2,"D101","E0","F0","sna",2005
"425",1422.41,1291.29,0.59,1487.99,1150.02,0.546636,"D101-E0-F0-sna",2,"D101","E0","F0","sna",2006
"426",1454.88,1312.48,0.55,1477.45,1070.92,0.526746,"D101-E0-F0-sna",2,"D101","E0","F0","sna",2007
"427",1500.94,1313.13,0.61,1490.56,520.145,0.610077,"D101-E0-F0-sna",2,"D101","E0","F0","sna",2008
"428",1495.25,1312.16,0.6,1492.25,345.27,0.609199,"D101-E0-F0-sna",2,"D101","E0","F0","sna",2009
"429",1495.61,1292.49,0.62,1498.41,346.738,0.617087,"D101-E0-F0-sna",2,"D101","E0","F0","sna",2010
"430",1484.96,1315.85,0.66,1438.04,342.712,0.666309,"D101-E0-F0-sna",2,"D101","E0","F0","sna",2011
"431",1458.04,1305.07,0.63,1305.71,332.989,0.69409,"D101-E0-F0-sna",2,"D101","E0","F0","sna",2012
"432",1462.56,1297.79,0.61,1148.47,1235.37,0.783851,"D101-E0-F0-sna",2,"D101","E0","F0","sna",2013
"433",7707.06,1674.17,0,7662.32,1665.54,0,"D101-E0-F0-sna",3,"D101","E0","F0","sna",1978
"434",7796.9,1675.48,0.45,7752.33,1666.85,0.446076,"D101-E0-F0-sna",3,"D101","E0","F0","sna",1979
"435",5629.65,1648.34,0.52,5580.74,970.312,0.51717,"D101-E0-F0-sna",3,"D101","E0","F0","sna",1980
"436",4098.28,1616.03,0.63,4046.32,2481.54,0.629568,"D101-E0-F0-sna",3,"D101","E0","F0","sna",1981
"437",3020.37,1504.73,0.54,2967.69,1750.58,0.541788,"D101-E0-F0-sna",3,"D101","E0","F0","sna",1982
"438",2581.14,1477.18,0.62,2527.91,815.574,0.623376,"D101-E0-F0-sna",3,"D101","E0","F0","sna",1983
"439",2259,1440.78,0.48,2195.36,1335.71,0.483669,"D101-E0-F0-sna",3,"D101","E0","F0","sna",1984
"440",2223.38,1418.29,0.5,2134.23,1422.18,0.509239,"D101-E0-F0-sna",3,"D101","E0","F0","sna",1985
"441",2190.42,1421.47,0.45,2097.87,1860.12,0.466158,"D101-E0-F0-sna",3,"D101","E0","F0","sna",1986
"442",2208.84,1435.62,0.46,2157.11,488.217,0.470484,"D101-E0-F0-sna",3,"D101","E0","F0","sna",1987
"443",2193.68,1433.55,0.47,2172.26,1557.02,0.463888,"D101-E0-F0-sna",3,"D101","E0","F0","sna",1988
"444",2150.73,1418.27,0.47,2110.74,2433.73,0.46095,"D101-E0-F0-sna",3,"D101","E0","F0","sna",1989
"445",2102.19,1424.9,0.69,2025.44,642.473,0.700288,"D101-E0-F0-sna",3,"D101","E0","F0","sna",1990
"446",1859.45,1383.62,0.57,1759.29,1190.89,0.597931,"D101-E0-F0-sna",3,"D101","E0","F0","sna",1991
"447",1798.1,1380.95,0.58,1672.59,1857.65,0.615388,"D101-E0-F0-sna",3,"D101","E0","F0","sna",1992
"448",1756.46,1342.64,0.62,1598.97,1710.97,0.680247,"D101-E0-F0-sna",3,"D101","E0","F0","sna",1993
"449",1704.9,1348.46,0.86,1556.99,1049.19,0.978404,"D101-E0-F0-sna",3,"D101","E0","F0","sna",1994
"450",1519.14,1295.9,0.91,1410.91,1262.04,0.997122,"D101-E0-F0-sna",3,"D101","E0","F0","sna",1995
"451",1385.23,1269.66,0.89,1287.52,1708.64,0.95204,"D101-E0-F0-sna",3,"D101","E0","F0","sna",1996
"452",1318.18,1250.33,0.93,1221.61,1069.78,1.02914,"D101-E0-F0-sna",3,"D101","E0","F0","sna",1997
"453",1260.28,1258.93,0.77,1208.03,815.941,0.826163,"D101-E0-F0-sna",3,"D101","E0","F0","sna",1998
"454",1291.12,1254.99,0.71,1295.65,618.134,0.700484,"D101-E0-F0-sna",3,"D101","E0","F0","sna",1999
"455",1334.1,1256.97,0.73,1369.93,2653.71,0.687101,"D101-E0-F0-sna",3,"D101","E0","F0","sna",2000
"456",1342.74,1270.09,0.58,1401.38,730.799,0.538064,"D101-E0-F0-sna",3,"D101","E0","F0","sna",2001
"457",1413.55,1299.97,0.71,1488.07,1770.54,0.644816,"D101-E0-F0-sna",3,"D101","E0","F0","sna",2002
"458",1384.04,1290.37,0.74,1432.21,775.364,0.669126,"D101-E0-F0-sna",3,"D101","E0","F0","sna",2003
"459",1342.69,1282.34,0.64,1327.09,483.313,0.613256,"D101-E0-F0-sna",3,"D101","E0","F0","sna",2004
"460",1366.54,1264.03,0.57,1329.33,1657.16,0.585033,"D101-E0-F0-sna",3,"D101","E0","F0","sna",2005
"461",1424.36,1281.14,0.59,1433.28,1335.06,0.591071,"D101-E0-F0-sna",3,"D101","E0","F0","sna",2006
"462",1457.73,1289.9,0.55,1523.86,342.74,0.51334,"D101-E0-F0-sna",3,"D101","E0","F0","sna",2007
"463",1507.04,1322.71,0.61,1579.05,357.651,0.548667,"D101-E0-F0-sna",3,"D101","E0","F0","sna",2008
"464",1504.67,1300.65,0.6,1508.27,368.105,0.556002,"D101-E0-F0-sna",3,"D101","E0","F0","sna",2009
"465",1505.35,1324.31,0.62,1414.18,362.081,0.634495,"D101-E0-F0-sna",3,"D101","E0","F0","sna",2010
"466",1491.19,1286,0.66,1323.09,355.155,0.745253,"D101-E0-F0-sna",3,"D101","E0","F0","sna",2011
"467",1458.72,1297.93,0.63,1189.12,343.66,0.766421,"D101-E0-F0-sna",3,"D101","E0","F0","sna",2012
"468",1458.94,1296.9,0.61,994.903,1144.31,0.891971,"D101-E0-F0-sna",3,"D101","E0","F0","sna",2013
"469",7707.06,1674.17,0,7849.02,1702.1,0,"D101-E0-F0-sna",4,"D101","E0","F0","sna",1978
"470",7796.9,1675.48,0.45,7938.76,1703.4,0.445556,"D101-E0-F0-sna",4,"D101","E0","F0","sna",1979
"471",5629.65,1621.68,0.52,5773.47,1185.32,0.510615,"D101-E0-F0-sna",4,"D101","E0","F0","sna",1980
"472",4098.28,1560.87,0.63,4244.41,1311.96,0.611121,"D101-E0-F0-sna",4,"D101","E0","F0","sna",1981
"473",3020.35,1508.4,0.54,3167.97,1566.21,0.517219,"D101-E0-F0-sna",4,"D101","E0","F0","sna",1982
"474",2581,1484.18,0.62,2728.27,991.008,0.587888,"D101-E0-F0-sna",4,"D101","E0","F0","sna",1983
"475",2257.98,1443.54,0.48,2393.64,2744.08,0.453664,"D101-E0-F0-sna",4,"D101","E0","F0","sna",1984
"476",2219.05,1420.7,0.5,2315.02,1198.89,0.477869,"D101-E0-F0-sna",4,"D101","E0","F0","sna",1985
"477",2179.54,1425.69,0.45,2203.43,1546.63,0.443844,"D101-E0-F0-sna",4,"D101","E0","F0","sna",1986
"478",2191.43,1442.25,0.46,2138.27,1391.39,0.475576,"D101-E0-F0-sna",4,"D101","E0","F0","sna",1987
"479",2174.44,1419.12,0.47,2070.65,2260,0.507797,"D101-E0-F0-sna",4,"D101","E0","F0","sna",1988
"480",2134.78,1420.75,0.47,2051.64,391.284,0.515767,"D101-E0-F0-sna",4,"D101","E0","F0","sna",1989
"481",2091.67,1401.26,0.69,2093.77,1687.11,0.729437,"D101-E0-F0-sna",4,"D101","E0","F0","sna",1990
"482",1855.25,1383.01,0.57,1949.98,673.09,0.561046,"D101-E0-F0-sna",4,"D101","E0","F0","sna",1991
"483",1797.25,1372.86,0.58,1957.08,2454.65,0.539328,"D101-E0-F0-sna",4,"D101","E0","F0","sna",1992
"484",1756.68,1347.2,0.62,1971.73,908.944,0.552916,"D101-E0-F0-sna",4,"D101","E0","F0","sna",1993
"485",1704.02,1348.87,0.86,1938.67,1749.12,0.735511,"D101-E0-F0-sna",4,"D101","E0","F0","sna",1994
"486",1515.75,1298.39,0.91,1710.73,1136.53,0.769237,"D101-E0-F0-sna",4,"D101","E0","F0","sna",1995
"487",1379.51,1267.84,0.89,1509.92,875.956,0.785042,"D101-E0-F0-sna",4,"D101","E0","F0","sna",1996
"488",1311.65,1256.82,0.93,1416.58,1101.35,0.858886,"D101-E0-F0-sna",4,"D101","E0","F0","sna",1997
"489",1254.89,1241.42,0.77,1387.6,1419.55,0.703881,"D101-E0-F0-sna",4,"D101","E0","F0","sna",1998
"490",1287.51,1275.72,0.71,1461.71,716.433,0.623719,"D101-E0-F0-sna",4,"D101","E0","F0","sna",1999
"491",1332.32,1261.18,0.73,1525.89,2663.93,0.624416,"D101-E0-F0-sna",4,"D101","E0","F0","sna",2000
"492",1342.31,1243.7,0.58,1510.73,413.157,0.499592,"D101-E0-F0-sna",4,"D101","E0","F0","sna",2001
"493",1413.68,1284.42,0.71,1524.44,1476.86,0.638718,"D101-E0-F0-sna",4,"D101","E0","F0","sna",2002
"494",1384.1,1247.35,0.74,1434.32,640.929,0.707719,"D101-E0-F0-sna",4,"D101","E0","F0","sna",2003
"495",1342.85,1267.37,0.64,1359.83,1716.82,0.641756,"D101-E0-F0-sna",4,"D101","E0","F0","sna",2004
"496",1367.29,1277.29,0.57,1407.3,2063.56,0.575244,"D101-E0-F0-sna",4,"D101","E0","F0","sna",2005
"497",1424.05,1270.62,0.59,1512.92,745.542,0.572065,"D101-E0-F0-sna",4,"D101","E0","F0","sna",2006
"498",1453.01,1299.59,0.55,1554.77,1733.3,0.514833,"D101-E0-F0-sna",4,"D101","E0","F0","sna",2007
"499",1495.51,1297.57,0.61,1567.85,319.863,0.575863,"D101-E0-F0-sna",4,"D101","E0","F0","sna",2008
"500",1487.28,1297.75,0.6,1538.68,326.033,0.584653,"D101-E0-F0-sna",4,"D101","E0","F0","sna",2009
"501",1486.52,1300.95,0.62,1576.79,329.561,0.603308,"D101-E0-F0-sna",4,"D101","E0","F0","sna",2010
"502",1475.58,1298.16,0.66,1631.6,332.531,0.607844,"D101-E0-F0-sna",4,"D101","E0","F0","sna",2011
"503",1447.92,1292.78,0.63,1632.11,332.558,0.551985,"D101-E0-F0-sna",4,"D101","E0","F0","sna",2012
"504",1450.82,1294.89,0.61,1570.97,1339.19,0.540054,"D101-E0-F0-sna",4,"D101","E0","F0","sna",2013
"505",7707.06,1674.17,0,7859.75,1705.55,0,"D101-E0-F0-sna",5,"D101","E0","F0","sna",1978
"506",7796.9,1675.48,0.45,7949.75,1706.87,0.430535,"D101-E0-F0-sna",5,"D101","E0","F0","sna",1979
"507",5629.65,1634.36,0.52,5778.05,480.342,0.491425,"D101-E0-F0-sna",5,"D101","E0","F0","sna",1980
"508",4098.28,1579.09,0.63,4240.09,1761.09,0.585479,"D101-E0-F0-sna",5,"D101","E0","F0","sna",1981
"509",3020.36,1497.04,0.54,3155.32,1550.14,0.493426,"D101-E0-F0-sna",5,"D101","E0","F0","sna",1982
"510",2581.07,1488.1,0.62,2707.65,2405.45,0.55899,"D101-E0-F0-sna",5,"D101","E0","F0","sna",1983
"511",2258.43,1432.5,0.48,2353.86,640.546,0.431645,"D101-E0-F0-sna",5,"D101","E0","F0","sna",1984
"512",2220.83,1433.07,0.5,2231.08,934.221,0.461741,"D101-E0-F0-sna",5,"D101","E0","F0","sna",1985
"513",2183.64,1404.23,0.45,2076.25,1500.95,0.444499,"D101-E0-F0-sna",5,"D101","E0","F0","sna",1986
"514",2197.27,1429.66,0.46,2018.6,1854.17,0.487675,"D101-E0-F0-sna",5,"D101","E0","F0","sna",1987
"515",2180.09,1420.68,0.47,2010.58,2071.21,0.507588,"D101-E0-F0-sna",5,"D101","E0","F0","sna",1988
"516",2138.69,1415.33,0.47,1996.75,426.924,0.493526,"D101-E0-F0-sna",5,"D101","E0","F0","sna",1989
"517",2093.45,1400.7,0.69,1921.75,1861.23,0.725312,"D101-E0-F0-sna",5,"D101","E0","F0","sna",1990
"518",1854.37,1387.57,0.57,1623.52,1620.12,0.63852,"D101-E0-F0-sna",5,"D101","E0","F0","sna",1991
"519",1793.44,1349.56,0.58,1553.41,878.806,0.681826,"D101-E0-F0-sna",5,"D101","E0","F0","sna",1992
"520",1750.49,1381.58,0.62,1570.13,2156.68,0.704369,"D101-E0-F0-sna",5,"D101","E0","F0","sna",1993
"521",1697.2,1354.35,0.86,1573.45,888.056,0.912784,"D101-E0-F0-sna",5,"D101","E0","F0","sna",1994
"522",1510.39,1330.26,0.91,1404.23,1896.24,0.954276,"D101-E0-F0-sna",5,"D101","E0","F0","sna",1995
"523",1375.88,1267.67,0.89,1278.69,528.143,0.944642,"D101-E0-F0-sna",5,"D101","E0","F0","sna",1996
"524",1309.1,1256.14,0.93,1232.32,1596.98,0.966524,"D101-E0-F0-sna",5,"D101","E0","F0","sna",1997
"525",1254.17,1249.49,0.77,1207.13,1078.4,0.779055,"D101-E0-F0-sna",5,"D101","E0","F0","sna",1998
"526",1290.68,1263.09,0.71,1279.13,1361.91,0.690116,"D101-E0-F0-sna",5,"D101","E0","F0","sna",1999
"527",1340.4,1267.29,0.73,1357.3,1775.31,0.683583,"D101-E0-F0-sna",5,"D101","E0","F0","sna",2000
"528",1353.7,1260.44,0.58,1372.62,878.996,0.53587,"D101-E0-F0-sna",5,"D101","E0","F0","sna",2001
"529",1425.71,1284.72,0.71,1423.4,973.544,0.667985,"D101-E0-F0-sna",5,"D101","E0","F0","sna",2002
"530",1393.6,1301.49,0.74,1371.76,2096.01,0.716449,"D101-E0-F0-sna",5,"D101","E0","F0","sna",2003
"531",1348.91,1274.18,0.64,1329.19,976.665,0.625141,"D101-E0-F0-sna",5,"D101","E0","F0","sna",2004
"532",1371.06,1278.69,0.57,1381.29,1381.66,0.545607,"D101-E0-F0-sna",5,"D101","E0","F0","sna",2005
"533",1427.71,1272.94,0.59,1466.55,1598.42,0.544396,"D101-E0-F0-sna",5,"D101","E0","F0","sna",2006
"534",1458.94,1288.34,0.55,1500.2,665.887,0.501163,"D101-E0-F0-sna",5,"D101","E0","F0","sna",2007
"535",1506.13,1311.72,0.61,1554.79,318.618,0.560007,"D101-E0-F0-sna",5,"D101","E0","F0","sna",2008
"536",1502.95,1303.93,0.6,1581.4,310.463,0.541281,"D101-E0-F0-sna",5,"D101","E0","F0","sna",2009
"537",1504.26,1296.23,0.62,1615.06,312.716,0.54144,"D101-E0-F0-sna",5,"D101","E0","F0","sna",2010
"538",1491.05,1307.9,0.66,1619.94,312.963,0.562813,"D101-E0-F0-sna",5,"D101","E0","F0","sna",2011
"539",1458.56,1298.39,0.63,1549.88,309.313,0.537435,"D101-E0-F0-sna",5,"D101","E0","F0","sna",2012
"540",1457.56,1296.56,0.61,1399.52,1298.76,0.564467,"D101-E0-F0-sna",5,"D101","E0","F0","sna",2013
"541",7707.06,1674.17,0,7807.5,1694.58,0,"D101-E0-F0-sna",6,"D101","E0","F0","sna",1978
"542",7796.9,1675.48,0.45,7897.42,1695.89,0.438861,"D101-E0-F0-sna",6,"D101","E0","F0","sna",1979
"543",5629.65,1630.8,0.52,5727.8,952.509,0.503379,"D101-E0-F0-sna",6,"D101","E0","F0","sna",1980
"544",4098.28,1595.09,0.63,4193.43,2002.55,0.60359,"D101-E0-F0-sna",6,"D101","E0","F0","sna",1981
"545",3020.36,1518.25,0.54,3112.63,1275.42,0.511863,"D101-E0-F0-sna",6,"D101","E0","F0","sna",1982
"546",2581.06,1451.96,0.62,2669.71,852.424,0.582582,"D101-E0-F0-sna",6,"D101","E0","F0","sna",1983
"547",2258.4,1447.41,0.48,2330.89,2679.45,0.449931,"D101-E0-F0-sna",6,"D101","E0","F0","sna",1984
"548",2221.02,1452.4,0.5,2250.58,812.268,0.47493,"D101-E0-F0-sna",6,"D101","E0","F0","sna",1985
"549",2185.04,1428.34,0.45,2158.23,1414.65,0.441289,"D101-E0-F0-sna",6,"D101","E0","F0","sna",1986
"550",2200.79,1443.43,0.46,2124.05,1370.72,0.466662,"D101-E0-F0-sna",6,"D101","E0","F0","sna",1987
"551",2184.45,1421.13,0.47,2064.1,2698.32,0.491088,"D101-E0-F0-sna",6,"D101","E0","F0","sna",1988
"552",2142.31,1414.5,0.47,2016.77,859.842,0.501858,"D101-E0-F0-sna",6,"D101","E0","F0","sna",1989
"553",2097.71,1403.08,0.69,2000.91,1530.46,0.730741,"D101-E0-F0-sna",6,"D101","E0","F0","sna",1990
"554",1861.75,1382.95,0.57,1786,991.67,0.590783,"D101-E0-F0-sna",6,"D101","E0","F0","sna",1991
"555",1804.97,1377.52,0.58,1746.21,692.209,0.598006,"D101-E0-F0-sna",6,"D101","E0","F0","sna",1992
"556",1763.96,1364.38,0.62,1771.48,1522.64,0.623395,"D101-E0-F0-sna",6,"D101","E0","F0","sna",1993
"557",1709.26,1372.07,0.86,1812.05,1093.85,0.796501,"D101-E0-F0-sna",6,"D101","E0","F0","sna",1994
"558",1518.13,1296.51,0.91,1674.2,804.052,0.775088,"D101-E0-F0-sna",6,"D101","E0","F0","sna",1995
"559",1380.39,1273.12,0.89,1507.67,3081.27,0.748548,"D101-E0-F0-sna",6,"D101","E0","F0","sna",1996
"560",1312.83,1268.05,0.93,1343.34,317.159,0.840735,"D101-E0-F0-sna",6,"D101","E0","F0","sna",1997
"561",1258.17,1239.8,0.77,1170.89,1301.48,0.797884,"D101-E0-F0-sna",6,"D101","E0","F0","sna",1998
"562",1294.18,1232.45,0.71,1115.62,569.836,0.832251,"D101-E0-F0-sna",6,"D101","E0","F0","sna",1999
"563",1341.69,1267.15,0.73,1115.98,2710.91,0.922504,"D101-E0-F0-sna",6,"D101","E0","F0","sna",2000
"564",1352.08,1262.99,0.58,1163.07,669.582,0.727233,"D101-E0-F0-sna",6,"D101","E0","F0","sna",2001
"565",1422.84,1282.95,0.71,1314.23,1495.7,0.801137,"D101-E0-F0-sna",6,"D101","E0","F0","sna",2002
"566",1390.61,1268.99,0.74,1317.76,357.917,0.772582,"D101-E0-F0-sna",6,"D101","E0","F0","sna",2003
"567",1344.42,1271.16,0.64,1252.12,2498.97,0.678108,"D101-E0-F0-sna",6,"D101","E0","F0","sna",2004
"568",1363.88,1269.45,0.57,1281.1,960.412,0.619052,"D101-E0-F0-sna",6,"D101","E0","F0","sna",2005
"569",1419.2,1276.7,0.59,1392.03,1374.47,0.611095,"D101-E0-F0-sna",6,"D101","E0","F0","sna",2006
"570",1450.74,1312.35,0.55,1460.69,477.191,0.535721,"D101-E0-F0-sna",6,"D101","E0","F0","sna",2007
"571",1497.38,1315.59,0.61,1497.27,715.132,0.588583,"D101-E0-F0-sna",6,"D101","E0","F0","sna",2008
"572",1492.65,1329.92,0.6,1488.82,402.454,0.592095,"D101-E0-F0-sna",6,"D101","E0","F0","sna",2009
"573",1493.05,1315.97,0.62,1523.62,406.178,0.603321,"D101-E0-F0-sna",6,"D101","E0","F0","sna",2010
"574",1481.5,1309.16,0.66,1534.31,406.948,0.616288,"D101-E0-F0-sna",6,"D101","E0","F0","sna",2011
"575",1453.72,1305.2,0.63,1450.13,400.662,0.593165,"D101-E0-F0-sna",6,"D101","E0","F0","sna",2012
"576",1458.79,1296.86,0.61,1295.07,1263.4,0.642815,"D101-E0-F0-sna",6,"D101","E0","F0","sna",2013
"577",7707.06,1674.17,0,7902.27,1712.18,0,"D101-E0-F0-sna",7,"D101","E0","F0","sna",1978
"578",7796.9,1675.48,0.45,7992,1713.48,0.44478,"D101-E0-F0-sna",7,"D101","E0","F0","sna",1979
"579",5629.65,1658.19,0.52,5826.62,1167.28,0.509175,"D101-E0-F0-sna",7,"D101","E0","F0","sna",1980
"580",4098.28,1586.9,0.63,4299.97,1306.19,0.608054,"D101-E0-F0-sna",7,"D101","E0","F0","sna",1981
"581",3020.37,1509.66,0.54,3227.36,2418.48,0.512919,"D101-E0-F0-sna",7,"D101","E0","F0","sna",1982
"582",2581.18,1489.57,0.62,2792.52,826.516,0.58064,"D101-E0-F0-sna",7,"D101","E0","F0","sna",1983
"583",2259.17,1466.96,0.48,2462.2,2049.43,0.446279,"D101-E0-F0-sna",7,"D101","E0","F0","sna",1984
"584",2223.57,1434.91,0.5,2389.59,1311.69,0.468497,"D101-E0-F0-sna",7,"D101","E0","F0","sna",1985
"585",2189.62,1448.09,0.45,2298.02,1280.66,0.433045,"D101-E0-F0-sna",7,"D101","E0","F0","sna",1986
"586",2206.49,1447.37,0.46,2287.99,1270.83,0.456569,"D101-E0-F0-sna",7,"D101","E0","F0","sna",1987
"587",2191.71,1419.32,0.47,2282.31,1327.79,0.469772,"D101-E0-F0-sna",7,"D101","E0","F0","sna",1988
"588",2152.55,1426.41,0.47,2268.06,527.669,0.463275,"D101-E0-F0-sna",7,"D101","E0","F0","sna",1989
"589",2110.11,1404.74,0.69,2252.69,2593.73,0.664626,"D101-E0-F0-sna",7,"D101","E0","F0","sna",1990
"590",1873.08,1389.69,0.57,2020.02,1302.66,0.538077,"D101-E0-F0-sna",7,"D101","E0","F0","sna",1991
"591",1815.05,1361,0.58,1931.93,830.87,0.5497,"D101-E0-F0-sna",7,"D101","E0","F0","sna",1992
"592",1772.66,1361.87,0.62,1827.51,1807.33,0.606999,"D101-E0-F0-sna",7,"D101","E0","F0","sna",1993
"593",1716.67,1348.74,0.86,1691.82,1091.54,0.897063,"D101-E0-F0-sna",7,"D101","E0","F0","sna",1994
"594",1524.03,1320.92,0.91,1458.67,1160.09,1.02629,"D101-E0-F0-sna",7,"D101","E0","F0","sna",1995
"595",1384.99,1288.06,0.89,1349.33,747.651,1.00644,"D101-E0-F0-sna",7,"D101","E0","F0","sna",1996
"596",1315.29,1282.11,0.93,1314.38,2387.73,0.991563,"D101-E0-F0-sna",7,"D101","E0","F0","sna",1997
"597",1257.37,1239.11,0.77,1260.82,734.056,0.806888,"D101-E0-F0-sna",7,"D101","E0","F0","sna",1998
"598",1290.55,1248.1,0.71,1282.34,762.889,0.753113,"D101-E0-F0-sna",7,"D101","E0","F0","sna",1999
"599",1337.71,1248.45,0.73,1299.39,1980.16,0.789318,"D101-E0-F0-sna",7,"D101","E0","F0","sna",2000
"600",1351.48,1260.76,0.58,1270.53,487.525,0.65142,"D101-E0-F0-sna",7,"D101","E0","F0","sna",2001
"601",1426.99,1278.38,0.71,1336.29,1728.31,0.827498,"D101-E0-F0-sna",7,"D101","E0","F0","sna",2002
"602",1398.23,1290.78,0.74,1329.02,954.911,0.85282,"D101-E0-F0-sna",7,"D101","E0","F0","sna",2003
"603",1352.67,1257.03,0.64,1285.39,1276.98,0.718296,"D101-E0-F0-sna",7,"D101","E0","F0","sna",2004
"604",1370.56,1290.11,0.57,1287.75,948.941,0.647111,"D101-E0-F0-sna",7,"D101","E0","F0","sna",2005
"605",1422.86,1301.83,0.59,1324.11,1905.45,0.681917,"D101-E0-F0-sna",7,"D101","E0","F0","sna",2006
"606",1451.55,1286.48,0.55,1336.31,894.115,0.643261,"D101-E0-F0-sna",7,"D101","E0","F0","sna",2007
"607",1497.52,1304.85,0.61,1365.97,427.489,0.724195,"D101-E0-F0-sna",7,"D101","E0","F0","sna",2008
"608",1493.89,1322.08,0.6,1340.73,314.716,0.725137,"D101-E0-F0-sna",7,"D101","E0","F0","sna",2009
"609",1496.34,1313.5,0.62,1319.7,314.473,0.768966,"D101-E0-F0-sna",7,"D101","E0","F0","sna",2010
"610",1487.31,1299.04,0.66,1302.96,313.253,0.839118,"D101-E0-F0-sna",7,"D101","E0","F0","sna",2011
"611",1460.14,1309.81,0.63,1262.02,310.175,0.806502,"D101-E0-F0-sna",7,"D101","E0","F0","sna",2012
"612",1462.24,1297.72,0.61,1170.14,1231.97,0.818133,"D101-E0-F0-sna",7,"D101","E0","F0","sna",2013
"613",7707.06,1674.17,0,7870.38,1704.59,0,"D101-E0-F0-sna",8,"D101","E0","F0","sna",1978
"614",7796.9,1675.48,0.45,7959.82,1705.89,0.46325,"D101-E0-F0-sna",8,"D101","E0","F0","sna",1979
"615",5629.65,1611.14,0.52,5801.74,1465.78,0.533158,"D101-E0-F0-sna",8,"D101","E0","F0","sna",1980
"616",4098.28,1603.67,0.63,4283.99,1670.91,0.640694,"D101-E0-F0-sna",8,"D101","E0","F0","sna",1981
"617",3020.35,1520.35,0.54,3219.11,1755.1,0.543638,"D101-E0-F0-sna",8,"D101","E0","F0","sna",1982
"618",2580.97,1482.65,0.62,2789.64,1708.2,0.618429,"D101-E0-F0-sna",8,"D101","E0","F0","sna",1983
"619",2257.87,1435.47,0.48,2470.38,908.412,0.476218,"D101-E0-F0-sna",8,"D101","E0","F0","sna",1984
"620",2219.27,1452.1,0.5,2427.94,1643.29,0.496367,"D101-E0-F0-sna",8,"D101","E0","F0","sna",1985
"621",2182.17,1424.79,0.45,2386.14,1175.14,0.448368,"D101-E0-F0-sna",8,"D101","E0","F0","sna",1986
"622",2198.52,1412.87,0.46,2414.91,1376.03,0.458714,"D101-E0-F0-sna",8,"D101","E0","F0","sna",1987
"623",2185.05,1443.22,0.47,2426.35,1546.09,0.464167,"D101-E0-F0-sna",8,"D101","E0","F0","sna",1988
"624",2146.1,1394.75,0.47,2393.65,1507.27,0.457468,"D101-E0-F0-sna",8,"D101","E0","F0","sna",1989
"625",2102.48,1405.68,0.69,2327.27,1168.6,0.665655,"D101-E0-F0-sna",8,"D101","E0","F0","sna",1990
"626",1864.33,1397.13,0.57,2049.24,867.344,0.554886,"D101-E0-F0-sna",8,"D101","E0","F0","sna",1991
"627",1803.99,1359.95,0.58,1950.52,2429.53,0.578482,"D101-E0-F0-sna",8,"D101","E0","F0","sna",1992
"628",1759.92,1370.4,0.62,1882.45,666.306,0.633277,"D101-E0-F0-sna",8,"D101","E0","F0","sna",1993
"629",1704.09,1345.14,0.86,1818.73,1601.99,0.88788,"D101-E0-F0-sna",8,"D101","E0","F0","sna",1994
"630",1513.79,1304.78,0.91,1613.92,987.893,0.938708,"D101-E0-F0-sna",8,"D101","E0","F0","sna",1995
"631",1377.76,1265.85,0.89,1447.01,1445.43,0.931022,"D101-E0-F0-sna",8,"D101","E0","F0","sna",1996
"632",1311.5,1236.14,0.93,1370.64,1145.5,1.0001,"D101-E0-F0-sna",8,"D101","E0","F0","sna",1997
"633",1256.56,1255.31,0.77,1330.55,1748.23,0.826708,"D101-E0-F0-sna",8,"D101","E0","F0","sna",1998
"634",1290.8,1263.27,0.71,1368.91,865.266,0.750174,"D101-E0-F0-sna",8,"D101","E0","F0","sna",1999
"635",1336.39,1281.61,0.73,1400.05,1360.73,0.774819,"D101-E0-F0-sna",8,"D101","E0","F0","sna",2000
"636",1345.63,1278.91,0.58,1391.87,928.901,0.626933,"D101-E0-F0-sna",8,"D101","E0","F0","sna",2001
"637",1415.03,1273.27,0.71,1460.55,1642.88,0.776078,"D101-E0-F0-sna",8,"D101","E0","F0","sna",2002
"638",1383.11,1280.63,0.74,1450.25,769.321,0.800551,"D101-E0-F0-sna",8,"D101","E0","F0","sna",2003
"639",1341.21,1261.5,0.64,1431.08,1876.11,0.674778,"D101-E0-F0-sna",8,"D101","E0","F0","sna",2004
"640",1367.5,1273.05,0.57,1454.89,398.411,0.593293,"D101-E0-F0-sna",8,"D101","E0","F0","sna",2005
"641",1428.65,1300.23,0.59,1491.43,1914.92,0.622199,"D101-E0-F0-sna",8,"D101","E0","F0","sna",2006
"642",1462.43,1288.59,0.55,1498.24,892.391,0.596078,"D101-E0-F0-sna",8,"D101","E0","F0","sna",2007
"643",1508.11,1305.84,0.61,1523.59,304.879,0.677319,"D101-E0-F0-sna",8,"D101","E0","F0","sna",2008
"644",1500.55,1323.61,0.6,1502.54,297.189,0.676895,"D101-E0-F0-sna",8,"D101","E0","F0","sna",2009
"645",1498.49,1290.75,0.62,1482.14,298.15,0.708394,"D101-E0-F0-sna",8,"D101","E0","F0","sna",2010
"646",1485.83,1286.06,0.66,1442.68,295.897,0.770938,"D101-E0-F0-sna",8,"D101","E0","F0","sna",2011
"647",1456.97,1306.52,0.63,1366.48,291.287,0.765414,"D101-E0-F0-sna",8,"D101","E0","F0","sna",2012
"648",1459.23,1296.97,0.61,1241.85,1252.01,0.806254,"D101-E0-F0-sna",8,"D101","E0","F0","sna",2013
"649",7707.06,1674.17,0,7671.01,1666.98,0,"D101-E0-F0-sna",9,"D101","E0","F0","sna",1978
"650",7796.9,1675.48,0.45,7760.85,1668.29,0.452328,"D101-E0-F0-sna",9,"D101","E0","F0","sna",1979
"651",5629.65,1646.63,0.52,5593.62,1850.62,0.52396,"D101-E0-F0-sna",9,"D101","E0","F0","sna",1980
"652",4098.28,1591.11,0.63,4062.34,2136.32,0.637037,"D101-E0-F0-sna",9,"D101","E0","F0","sna",1981
"653",3020.36,1517.6,0.54,2984.69,1329.84,0.548031,"D101-E0-F0-sna",9,"D101","E0","F0","sna",1982
"654",2581.13,1484.09,0.62,2546.43,594.99,0.631022,"D101-E0-F0-sna",9,"D101","E0","F0","sna",1983
"655",2258.85,1440.76,0.48,2231.58,3274.02,0.488549,"D101-E0-F0-sna",9,"D101","E0","F0","sna",1984
"656",2222.54,1419.79,0.5,2223.86,522.934,0.504559,"D101-E0-F0-sna",9,"D101","E0","F0","sna",1985
"657",2187.93,1425,0.45,2247.42,1077.82,0.442835,"D101-E0-F0-sna",9,"D101","E0","F0","sna",1986
"658",2204.89,1437.02,0.46,2317.12,1046.46,0.43645,"D101-E0-F0-sna",9,"D101","E0","F0","sna",1987
"659",2190.14,1425.25,0.47,2318.29,1705.23,0.435804,"D101-E0-F0-sna",9,"D101","E0","F0","sna",1988
"660",2149.05,1416.27,0.47,2305.24,1302.69,0.432917,"D101-E0-F0-sna",9,"D101","E0","F0","sna",1989
"661",2102.35,1421.35,0.69,2300.61,1318.87,0.617537,"D101-E0-F0-sna",9,"D101","E0","F0","sna",1990
"662",1860.86,1372.76,0.57,2042.94,839.005,0.496124,"D101-E0-F0-sna",9,"D101","E0","F0","sna",1991
"663",1799.83,1373.2,0.58,1902.17,2506.67,0.520171,"D101-E0-F0-sna",9,"D101","E0","F0","sna",1992
"664",1757.58,1329.91,0.62,1774.6,1052.99,0.596515,"D101-E0-F0-sna",9,"D101","E0","F0","sna",1993
"665",1704.59,1366.47,0.86,1666.66,1435.83,0.881755,"D101-E0-F0-sna",9,"D101","E0","F0","sna",1994
"666",1517.16,1322.48,0.91,1442.11,850.616,0.969954,"D101-E0-F0-sna",9,"D101","E0","F0","sna",1995
"667",1381.77,1278.38,0.89,1276.9,1758.34,0.986946,"D101-E0-F0-sna",9,"D101","E0","F0","sna",1996
"668",1313.28,1243.93,0.93,1219.28,1299.32,1.0558,"D101-E0-F0-sna",9,"D101","E0","F0","sna",1997
"669",1254.72,1238.97,0.77,1220.29,1085.69,0.825811,"D101-E0-F0-sna",9,"D101","E0","F0","sna",1998
"670",1286.99,1247.28,0.71,1297.23,723.655,0.707921,"D101-E0-F0-sna",9,"D101","E0","F0","sna",1999
"671",1334.47,1255.2,0.73,1346.07,3042.82,0.713576,"D101-E0-F0-sna",9,"D101","E0","F0","sna",2000
"672",1348.34,1268.03,0.58,1351.5,381.105,0.575904,"D101-E0-F0-sna",9,"D101","E0","F0","sna",2001
"673",1421.24,1284.04,0.71,1435.62,1521.24,0.706223,"D101-E0-F0-sna",9,"D101","E0","F0","sna",2002
"674",1388.95,1259.68,0.74,1414.57,992.527,0.722189,"D101-E0-F0-sna",9,"D101","E0","F0","sna",2003
"675",1342.41,1285.5,0.64,1372.53,625.334,0.620581,"D101-E0-F0-sna",9,"D101","E0","F0","sna",2004
"676",1362.41,1263.2,0.57,1442.91,1391.29,0.544881,"D101-E0-F0-sna",9,"D101","E0","F0","sna",2005
"677",1418.32,1295.08,0.59,1584.14,806.651,0.527801,"D101-E0-F0-sna",9,"D101","E0","F0","sna",2006
"678",1450.22,1304.58,0.55,1663.54,573.143,0.462102,"D101-E0-F0-sna",9,"D101","E0","F0","sna",2007
"679",1496.96,1292.44,0.61,1693.55,409.075,0.507336,"D101-E0-F0-sna",9,"D101","E0","F0","sna",2008
"680",1492.55,1334.94,0.6,1610.05,397.587,0.520454,"D101-E0-F0-sna",9,"D101","E0","F0","sna",2009
"681",1493.87,1316.01,0.62,1498.72,391.632,0.588505,"D101-E0-F0-sna",9,"D101","E0","F0","sna",2010
"682",1483.57,1279.04,0.66,1357.8,380.882,0.707903,"D101-E0-F0-sna",9,"D101","E0","F0","sna",2011
"683",1456.19,1287.91,0.63,1159.29,362.762,0.796304,"D101-E0-F0-sna",9,"D101","E0","F0","sna",2012
"684",1459.51,1297.04,0.61,929.369,1116.61,1.01954,"D101-E0-F0-sna",9,"D101","E0","F0","sna",2013
"685",7707.06,1674.17,0,7632.93,1659.29,0,"D101-E0-F0-sna",10,"D101","E0","F0","sna",1978
"686",7796.9,1675.48,0.45,7722.83,1660.61,0.453702,"D101-E0-F0-sna",10,"D101","E0","F0","sna",1979
"687",5629.65,1652.01,0.52,5554.38,1247.1,0.527357,"D101-E0-F0-sna",10,"D101","E0","F0","sna",1980
"688",4098.28,1574.8,0.63,4023.08,2374.43,0.644236,"D101-E0-F0-sna",10,"D101","E0","F0","sna",1981
"689",3020.37,1512.58,0.54,2946.55,1074.67,0.556665,"D101-E0-F0-sna",10,"D101","E0","F0","sna",1982
"690",2581.14,1477.27,0.62,2507.92,1378.71,0.643103,"D101-E0-F0-sna",10,"D101","E0","F0","sna",1983
"691",2258.93,1443.08,0.48,2181.05,924.074,0.500146,"D101-E0-F0-sna",10,"D101","E0","F0","sna",1984
"692",2222.59,1416.34,0.5,2134.46,3088.43,0.524195,"D101-E0-F0-sna",10,"D101","E0","F0","sna",1985
"693",2187.15,1434.88,0.45,2106.42,859.253,0.473909,"D101-E0-F0-sna",10,"D101","E0","F0","sna",1986
"694",2202.28,1487.54,0.46,2141.16,1470.02,0.479024,"D101-E0-F0-sna",10,"D101","E0","F0","sna",1987
"695",2185.6,1418.26,0.47,2122.28,572.538,0.484014,"D101-E0-F0-sna",10,"D101","E0","F0","sna",1988
"696",2143.61,1434.69,0.47,2066.74,2151.09,0.488572,"D101-E0-F0-sna",10,"D101","E0","F0","sna",1989
"697",2097.57,1408.34,0.69,2061.13,959.122,0.722098,"D101-E0-F0-sna",10,"D101","E0","F0","sna",1990
"698",1859.42,1389.5,0.57,1913.71,1149.18,0.566534,"D101-E0-F0-sna",10,"D101","E0","F0","sna",1991
"699",1804,1340.16,0.58,1908.2,2477.9,0.538707,"D101-E0-F0-sna",10,"D101","E0","F0","sna",1992
"700",1767.93,1382.97,0.62,1844.26,1381.12,0.569965,"D101-E0-F0-sna",10,"D101","E0","F0","sna",1993
"701",1718.12,1375.43,0.86,1736.81,887.071,0.830387,"D101-E0-F0-sna",10,"D101","E0","F0","sna",1994
"702",1528.72,1321.26,0.91,1502.5,1333.9,0.928125,"D101-E0-F0-sna",10,"D101","E0","F0","sna",1995
"703",1389.25,1271.43,0.89,1347.31,446.488,0.93231,"D101-E0-F0-sna",10,"D101","E0","F0","sna",1996
"704",1317.37,1279.85,0.93,1316.25,2027.71,0.965535,"D101-E0-F0-sna",10,"D101","E0","F0","sna",1997
"705",1258.3,1231.98,0.77,1346.36,1098.49,0.73186,"D101-E0-F0-sna",10,"D101","E0","F0","sna",1998
"706",1293.68,1254.59,0.71,1434.39,601.266,0.6188,"D101-E0-F0-sna",10,"D101","E0","F0","sna",1999
"707",1343.9,1255.71,0.73,1461.08,2376.51,0.63155,"D101-E0-F0-sna",10,"D101","E0","F0","sna",2000
"708",1357.69,1278.19,0.58,1399.9,942.144,0.533498,"D101-E0-F0-sna",10,"D101","E0","F0","sna",2001
"709",1430.44,1275.1,0.71,1410.01,1555.44,0.711203,"D101-E0-F0-sna",10,"D101","E0","F0","sna",2002
"710",1398.08,1275.37,0.74,1351.88,1089.39,0.777497,"D101-E0-F0-sna",10,"D101","E0","F0","sna",2003
"711",1351.03,1280.69,0.64,1296.94,705.951,0.675022,"D101-E0-F0-sna",10,"D101","E0","F0","sna",2004
"712",1370.04,1258.13,0.57,1333.62,1419.64,0.600229,"D101-E0-F0-sna",10,"D101","E0","F0","sna",2005
"713",1424.95,1295.98,0.59,1441.74,1818.15,0.597958,"D101-E0-F0-sna",10,"D101","E0","F0","sna",2006
"714",1455.76,1306.26,0.55,1527.41,414.327,0.524734,"D101-E0-F0-sna",10,"D101","E0","F0","sna",2007
"715",1501.73,1305.6,0.61,1592.97,310.016,0.560753,"D101-E0-F0-sna",10,"D101","E0","F0","sna",2008
"716",1496.55,1323.27,0.6,1556.3,321.354,0.554473,"D101-E0-F0-sna",10,"D101","E0","F0","sna",2009
"717",1496.73,1290.93,0.62,1505.75,319.224,0.60108,"D101-E0-F0-sna",10,"D101","E0","F0","sna",2010
"718",1485.01,1315.45,0.66,1462.89,316.719,0.670401,"D101-E0-F0-sna",10,"D101","E0","F0","sna",2011
"719",1456.9,1270.21,0.63,1379.71,311.542,0.656319,"D101-E0-F0-sna",10,"D101","E0","F0","sna",2012
"720",1460.53,1297.29,0.61,1223.36,1223.54,0.700774,"D101-E0-F0-sna",10,"D101","E0","F0","sna",2013
